Name,Drama,Fantasy,Action,Comedy,Fiction
Movie-1,1906,2662,1769,82
Movie-2,946,1160,1778,2859
Movie-3,245,32,1862,26
Movie-4,617,2536,680,343
Movie-5,203,708,2315,2487
Movie-6,1835,772,1670,479
Movie-7,1766,860,1753,362
Movie-8,1012,443,2846,1336
Movie-9,749,1880,2314,1437
Movie-10,85,1559,857,2569
Movie-11,2863,362,1057,2719
Movie-12,843,2252,1276,22
Movie-13,1972,2342,154,713
Movie-14,2816,2924,2591,1208
Movie-15,2285,2046,22,2132
Movie-16,1860,376,1341,1898
Movie-17,1965,1725,2529,172
Movie-18,1938,1466,1507,2913
Movie-19,1794,2731,1058,1731
Movie-20,360,424,1835,1276
Movie-21,1543,891,2370,1611
Movie-22,997,2209,481,2003
Movie-23,1266,1196,2050,297
Movie-24,925,1669,649,201
Movie-25,227,508,852,852
Movie-26,2297,1700,91,1716
Movie-27,775,2867,1492,1547
Movie-28,564,650,1508,451
Movie-29,2499,403,443,2635
Movie-30,2967,1433,450,2194
Movie-31,2172,2619,869,2605
Movie-32,2119,1334,1023,179
Movie-33,2249,2708,908,389
Movie-34,63,112,1289,2569
Movie-35,698,2034,508,1467
Movie-36,1700,75,366,5
Movie-37,2346,2323,2452,985
Movie-38,1032,658,2442,361
Movie-39,2006,801,1637,701
Movie-40,2749,1115,158,2413
Movie-41,1181,2937,3000,1391
Movie-42,1660,1546,1479,1207
Movie-43,1756,2765,534,2242
Movie-44,2079,2411,998,2189
Movie-45,2596,38,2069,2901
Movie-46,2159,2744,2651,2241
Movie-47,1831,2244,2164,1067
Movie-48,2293,1947,159,191
Movie-49,832,2311,1021,396
Movie-50,2677,95,1745,90
Movie-51,792,1406,2659,1830
Movie-52,377,1541,2171,1327
Movie-53,2640,66,862,2178
Movie-54,2273,538,1337,20
Movie-55,1253,1627,971,2853
Movie-56,89,1601,2090,2841
Movie-57,414,1869,1601,2352
Movie-58,1886,1307,1360,26
Movie-59,2682,1110,2587,1361
Movie-60,998,1774,431,1045
Movie-61,1910,2254,2034,139
Movie-62,275,1806,1553,257
Movie-63,2511,2261,2218,1347
Movie-64,2847,1500,2219,1891
Movie-65,1016,2643,491,1508
Movie-66,1723,50,1425,2245
Movie-67,806,1875,984,2500
Movie-68,2483,1323,2447,2939
Movie-69,2114,2034,2898,2364
Movie-70,884,1595,2739,1407
Movie-71,1198,1162,2619,1693
Movie-72,1824,1939,1267,1407
Movie-73,824,1988,599,2158
Movie-74,2716,1819,2919,381
Movie-75,2955,902,728,2510
Movie-76,575,1314,1020,1945
Movie-77,2582,88,2040,1797
Movie-78,881,835,436,1855
Movie-79,748,1723,890,2286
Movie-80,322,2726,1777,2944
Movie-81,1869,2582,283,379
Movie-82,2986,2402,1444,493
Movie-83,2105,677,1121,429
Movie-84,1354,2374,1450,435
Movie-85,830,2419,325,2779
Movie-86,610,1603,960,1488
Movie-87,2432,269,880,2105
Movie-88,1361,400,297,232
Movie-89,1823,1223,2637,2678
Movie-90,2660,1998,2423,1331
Movie-91,1525,2162,936,215
Movie-92,40,2472,2590,2276
Movie-93,1955,2657,2448,1914
Movie-94,2302,1922,560,206
Movie-95,2010,1359,836,676
Movie-96,1627,2873,322,2709
Movie-97,813,820,1945,885
Movie-98,605,2683,960,2061
Movie-99,2949,2818,1626,2862
Movie-100,1083,1604,482,2845
Movie-101,2259,2860,1474,1569
Movie-102,2822,1568,45,1679
Movie-103,1919,2363,778,375
Movie-104,893,2280,713,126
Movie-105,207,247,2116,2834
Movie-106,103,684,1576,437
Movie-107,2284,47,1146,1017
Movie-108,2599,2529,905,2725
Movie-109,1070,984,1714,1844
Movie-110,1524,2522,961,2998
Movie-111,656,232,694,2003
Movie-112,1630,1779,1633,2115
Movie-113,284,2943,72,2012
Movie-114,1897,2193,1192,1062
Movie-115,2399,1451,1253,1742
Movie-116,2607,855,830,2398
Movie-117,1701,956,1951,1972
Movie-118,2540,1202,2665,2428
Movie-119,2985,1418,2865,111
Movie-120,2293,113,366,1912
Movie-121,923,771,324,210
Movie-122,2761,573,2475,2337
Movie-123,1289,1348,2688,479
Movie-124,1854,2847,333,2848
Movie-125,1979,184,2832,302
Movie-126,2342,1882,2888,53
Movie-127,1510,575,1476,2448
Movie-128,790,323,612,899
Movie-129,2895,1308,1125,615
Movie-130,455,2546,2936,135
Movie-131,859,240,979,494
Movie-132,2733,1010,2245,554
Movie-133,2015,2402,2638,2855
Movie-134,2229,1901,2851,2524
Movie-135,1350,1906,2737,2595
Movie-136,1259,1207,2748,78
Movie-137,998,2537,1514,462
Movie-138,2526,2360,2572,301
Movie-139,1122,1223,1083,2346
Movie-140,1924,280,1750,733
Movie-141,2153,1999,2668,2249
Movie-142,1254,475,857,1738
Movie-143,407,2445,1404,1440
Movie-144,189,2159,1205,604
Movie-145,2072,2124,786,35
Movie-146,72,1936,341,652
Movie-147,1020,2948,1498,764
Movie-148,2952,2314,2675,1243
Movie-149,1210,2772,516,2685
Movie-150,1424,2853,2156,405
Movie-151,2320,2683,810,2903
Movie-152,2063,911,546,2005
Movie-153,775,2938,186,2914
Movie-154,578,53,375,2081
Movie-155,431,24,2292,2870
Movie-156,2484,485,2099,2069
Movie-157,187,2799,2425,2454
Movie-158,262,1257,1364,918
Movie-159,2070,2748,2629,1359
Movie-160,1204,367,259,561
Movie-161,292,2907,2969,734
Movie-162,153,1603,750,649
Movie-163,1537,1226,2129,628
Movie-164,2564,494,1433,2700
Movie-165,1061,605,551,2202
Movie-166,2586,2529,2289,2929
Movie-167,2325,2541,1737,2502
Movie-168,7,2117,540,2194
Movie-169,272,42,2016,1930
Movie-170,1978,1792,1716,2099
Movie-171,2766,102,2129,2414
Movie-172,361,2284,338,1134
Movie-173,195,1112,2385,211
Movie-174,2494,2168,2240,1068
Movie-175,1209,290,209,149
Movie-176,1606,2194,2279,1566
Movie-177,1150,579,1462,838
Movie-178,873,2122,2070,2889
Movie-179,609,2673,2893,2097
Movie-180,2564,320,1340,2549
Movie-181,226,263,2943,315
Movie-182,2325,1649,2832,627
Movie-183,450,628,2992,1291
Movie-184,2283,1946,2552,772
Movie-185,2175,1319,2926,2978
Movie-186,1083,2483,1554,1641
Movie-187,1870,703,937,1601
Movie-188,1731,746,713,1889
Movie-189,893,1070,1438,678
Movie-190,2522,448,1777,1649
Movie-191,185,2081,615,2270
Movie-192,2724,814,860,1909
Movie-193,2519,2177,1763,1274
Movie-194,1977,10,2104,2647
Movie-195,2986,264,2196,784
Movie-196,1646,2953,2065,2536
Movie-197,335,2927,1917,2558
Movie-198,1267,896,1802,1955
Movie-199,10,2311,807,1455
Movie-200,1966,597,1517,739
Movie-201,1990,2577,2775,2759
Movie-202,2790,2302,2265,1552
Movie-203,994,2481,2537,1133
Movie-204,2827,1505,1128,2605
Movie-205,1199,2654,2264,277
Movie-206,430,837,2417,869
Movie-207,791,1487,2677,516
Movie-208,1059,1201,2748,754
Movie-209,2543,2236,96,2850
Movie-210,2258,1158,573,501
Movie-211,1383,1437,2813,112
Movie-212,897,568,2047,280
Movie-213,293,1438,2070,2461
Movie-214,427,854,118,671
Movie-215,770,1109,2378,773
Movie-216,1616,514,1247,2970
Movie-217,2304,2280,829,2159
Movie-218,1328,576,2993,720
Movie-219,2492,1050,2042,108
Movie-220,329,597,924,796
Movie-221,1786,2220,775,763
Movie-222,1893,2049,2650,1900
Movie-223,2778,2385,31,1717
Movie-224,1352,250,2474,2884
Movie-225,2124,1986,927,399
Movie-226,1588,2455,2040,461
Movie-227,338,691,520,2560
Movie-228,2438,779,1533,120
Movie-229,2274,1007,1804,1306
Movie-230,1217,2869,2159,72
Movie-231,213,1175,979,156
Movie-232,925,2587,612,2173
Movie-233,2903,2508,2238,2453
Movie-234,1149,2546,2438,739
Movie-235,1027,2665,471,2139
Movie-236,338,431,2084,1855
Movie-237,2142,1600,2089,1737
Movie-238,1565,2106,1431,414
Movie-239,376,296,488,1291
Movie-240,941,538,585,2704
Movie-241,1241,1574,379,1362
Movie-242,635,1770,1328,1850
Movie-243,1224,2201,711,1435
Movie-244,97,1014,2290,168
Movie-245,2122,638,1792,1730
Movie-246,1940,1045,138,1457
Movie-247,1079,2366,230,2033
Movie-248,2229,1616,1220,2818
Movie-249,856,1410,2664,967
Movie-250,1601,2025,59,2349
Movie-251,225,1730,20,1360
Movie-252,646,2003,633,2180
Movie-253,694,1008,396,881
Movie-254,1815,2965,304,629
Movie-255,1725,317,400,558
Movie-256,1264,10,1030,1204
Movie-257,2139,1575,963,896
Movie-258,2119,2140,1572,2330
Movie-259,1713,517,2687,744
Movie-260,120,1404,1057,2551
Movie-261,819,150,65,1698
Movie-262,1398,2624,2457,2386
Movie-263,2884,394,680,1236
Movie-264,162,2079,2707,1366
Movie-265,730,2420,368,404
Movie-266,115,2569,2817,824
Movie-267,2651,747,1414,724
Movie-268,661,1680,1849,2614
Movie-269,2695,2064,2872,1576
Movie-270,1871,1205,95,13
Movie-271,1009,535,2027,1675
Movie-272,864,649,379,1247
Movie-273,984,390,97,349
Movie-274,1142,1363,2311,2047
Movie-275,1629,2543,373,1624
Movie-276,2377,2356,1544,1494
Movie-277,611,2871,494,1073
Movie-278,1590,1282,1975,1763
Movie-279,285,2844,2607,1371
Movie-280,2560,657,1631,2418
Movie-281,1255,1692,2893,2310
Movie-282,1843,1452,781,2779
Movie-283,2976,706,2446,2483
Movie-284,440,2234,2186,2175
Movie-285,2126,2673,2266,613
Movie-286,654,2672,2685,1712
Movie-287,1813,1921,392,1754
Movie-288,503,1044,1759,1281
Movie-289,2729,767,1362,2492
Movie-290,712,1225,1774,2573
Movie-291,1939,1519,1546,2993
Movie-292,242,1393,363,2322
Movie-293,31,170,422,1771
Movie-294,2086,2552,1998,1758
Movie-295,81,1198,2246,1783
Movie-296,358,2586,1993,2755
Movie-297,962,2460,1141,2339
Movie-298,2955,724,2085,1721
Movie-299,2375,1970,2972,1892
Movie-300,1637,1578,184,2754
Movie-301,2991,1717,1378,4
Movie-302,2332,2433,572,1550
Movie-303,2196,2574,1123,2503
Movie-304,1825,1898,592,1826
Movie-305,690,593,2287,2158
Movie-306,2246,2400,643,1377
Movie-307,76,2023,523,2838
Movie-308,2269,787,2403,1344
Movie-309,1924,2393,2882,476
Movie-310,732,153,2543,2364
Movie-311,848,2709,67,2867
Movie-312,1799,176,2584,2412
Movie-313,183,209,226,394
Movie-314,2070,2052,2259,1789
Movie-315,1904,1080,2212,2468
Movie-316,121,2404,98,2322
Movie-317,2453,662,567,1938
Movie-318,2625,2638,2919,1419
Movie-319,1335,1714,1018,682
Movie-320,1245,2588,1653,113
Movie-321,259,165,592,112
Movie-322,1541,1310,1258,2313
Movie-323,2869,2254,605,669
Movie-324,2541,98,25,114
Movie-325,242,388,1137,242
Movie-326,1483,2131,1454,2383
Movie-327,710,2470,2661,2208
Movie-328,549,1779,182,691
Movie-329,37,2107,1941,298
Movie-330,2243,1747,1667,124
Movie-331,1725,1636,1828,742
Movie-332,944,703,2892,1150
Movie-333,2890,757,1916,2391
Movie-334,830,485,530,1495
Movie-335,2515,224,461,1334
Movie-336,1227,97,2849,2241
Movie-337,429,2742,2625,1615
Movie-338,1994,1047,2355,1186
Movie-339,615,60,20,2765
Movie-340,24,1112,207,2021
Movie-341,1469,929,738,546
Movie-342,1309,2232,1483,2511
Movie-343,2550,443,2318,1766
Movie-344,466,374,1514,1814
Movie-345,2844,986,2333,758
Movie-346,1614,788,439,1958
Movie-347,731,2114,2820,470
Movie-348,198,1935,2964,1875
Movie-349,1823,693,176,467
Movie-350,1136,69,1296,2457
Movie-351,1680,631,1282,1793
Movie-352,2851,574,465,1820
Movie-353,1443,1946,392,2819
Movie-354,467,1297,991,763
Movie-355,143,1887,2941,1148
Movie-356,936,713,34,1088
Movie-357,1260,2818,645,513
Movie-358,2776,2333,2736,2983
Movie-359,1997,970,1970,1015
Movie-360,1271,2133,859,424
Movie-361,2497,1666,353,1077
Movie-362,2484,1934,1340,1598
Movie-363,126,492,2915,1428
Movie-364,1381,2288,1294,991
Movie-365,1668,2307,440,2064
Movie-366,2642,2705,1208,705
Movie-367,959,2634,2701,382
Movie-368,1684,207,58,1704
Movie-369,513,369,738,203
Movie-370,2948,2985,418,2455
Movie-371,873,2050,2889,1341
Movie-372,86,519,390,1044
Movie-373,2888,363,1498,1982
Movie-374,2587,1918,1827,2821
Movie-375,1601,2479,478,981
Movie-376,2536,480,292,417
Movie-377,1295,912,419,2575
Movie-378,1081,1169,816,2678
Movie-379,2799,1852,1559,468
Movie-380,690,2801,460,1922
Movie-381,520,454,1692,631
Movie-382,715,1664,1360,861
Movie-383,912,170,389,2297
Movie-384,2651,2829,833,1711
Movie-385,2861,2421,866,171
Movie-386,1012,1923,2237,1486
Movie-387,1243,2465,14,339
Movie-388,607,950,361,1952
Movie-389,2834,2229,1472,1449
Movie-390,887,2694,2034,872
Movie-391,688,2958,564,1916
Movie-392,964,222,915,2957
Movie-393,1770,2343,2817,2507
Movie-394,378,2609,205,2952
Movie-395,434,2224,1860,2996
Movie-396,628,1223,1680,631
Movie-397,1346,609,2813,2515
Movie-398,1753,2861,1819,229
Movie-399,1752,1441,1328,1686
Movie-400,822,1375,1132,731
Movie-401,2300,416,1784,742
Movie-402,534,1774,49,894
Movie-403,2719,1849,2741,1312
Movie-404,2060,736,2075,773
Movie-405,1514,1591,330,562
Movie-406,2315,2189,1,1598
Movie-407,2253,1089,2856,2261
Movie-408,934,554,1486,832
Movie-409,1887,1643,2875,882
Movie-410,1218,2049,1464,2480
Movie-411,2862,596,2195,96
Movie-412,1860,2872,2299,1207
Movie-413,2362,1452,330,2883
Movie-414,1604,312,745,2584
Movie-415,1431,2893,225,2922
Movie-416,1574,1450,2810,1020
Movie-417,2986,2293,695,1932
Movie-418,1170,442,2822,788
Movie-419,878,2206,612,2007
Movie-420,1711,256,1977,162
Movie-421,1397,1126,1903,791
Movie-422,764,1426,1844,674
Movie-423,806,54,2000,2712
Movie-424,1033,1488,2441,2283
Movie-425,27,201,1601,148
Movie-426,2560,2410,469,1244
Movie-427,1763,2136,2589,1695
Movie-428,410,2655,1019,1622
Movie-429,2481,1107,276,711
Movie-430,1776,2411,151,407
Movie-431,1842,249,1420,2754
Movie-432,603,117,2076,1914
Movie-433,1830,299,1634,2500
Movie-434,54,2889,2033,1703
Movie-435,626,1286,2133,1958
Movie-436,587,2107,285,2804
Movie-437,11,1799,1197,1900
Movie-438,2564,1911,55,2114
Movie-439,969,785,2108,2878
Movie-440,2259,2469,344,229
Movie-441,2793,326,2125,1937
Movie-442,464,1787,2221,1366
Movie-443,776,2649,1716,1617
Movie-444,2970,1611,1958,793
Movie-445,1890,2867,758,1967
Movie-446,500,1381,1995,2200
Movie-447,1145,2928,2553,1386
Movie-448,859,790,409,1967
Movie-449,1740,184,530,2157
Movie-450,1758,199,1057,1196
Movie-451,280,1479,360,1787
Movie-452,2690,2225,2530,1970
Movie-453,745,1823,108,28
Movie-454,1389,1789,2004,1979
Movie-455,2706,1279,2094,1978
Movie-456,1335,2590,1696,46
Movie-457,1680,1013,1014,2298
Movie-458,2075,1362,87,332
Movie-459,1702,12,1424,1136
Movie-460,801,2378,1657,467
Movie-461,2685,2523,2414,1576
Movie-462,1803,1724,851,2309
Movie-463,1711,1968,2736,2501
Movie-464,93,1368,940,1599
Movie-465,1220,223,40,2048
Movie-466,2816,1747,2699,1918
Movie-467,562,319,2626,2635
Movie-468,2826,1802,1477,2028
Movie-469,1315,2764,1602,1508
Movie-470,672,1567,2981,707
Movie-471,140,2261,151,561
Movie-472,87,2761,2136,43
Movie-473,2979,247,2938,1
Movie-474,2864,2647,2778,1365
Movie-475,2657,627,1451,2668
Movie-476,2599,2314,209,1067
Movie-477,2329,2775,2611,1272
Movie-478,1434,511,1722,2716
Movie-479,2530,2597,86,1714
Movie-480,660,1611,2228,2721
Movie-481,876,514,1288,1545
Movie-482,1332,1068,1261,2395
Movie-483,1466,1074,1309,2905
Movie-484,581,2659,565,449
Movie-485,474,91,575,1168
Movie-486,2855,2950,591,1235
Movie-487,1906,601,410,2885
Movie-488,842,2977,938,1629
Movie-489,2762,2534,2798,1273
Movie-490,2801,2338,99,1087
Movie-491,2193,816,1839,92
Movie-492,379,2372,834,998
Movie-493,1430,2478,1910,2180
Movie-494,760,2085,1910,2792
Movie-495,189,2588,1821,2573
Movie-496,232,245,145,1992
Movie-497,1004,1572,798,502
Movie-498,1826,2668,2294,1641
Movie-499,1249,312,1755,277
Movie-500,1158,1103,1964,408
Movie-501,172,1930,1253,572
Movie-502,1814,1777,926,658
Movie-503,1362,1898,419,29
Movie-504,2965,1816,775,1585
Movie-505,2338,1520,438,1893
Movie-506,2590,155,2972,615
Movie-507,314,2146,374,1465
Movie-508,1953,11,1029,2224
Movie-509,2486,2259,2218,135
Movie-510,475,2153,175,590
Movie-511,1003,2450,347,193
Movie-512,1309,1858,437,1632
Movie-513,1110,1942,1583,403
Movie-514,1395,1398,1434,2159
Movie-515,112,2497,1627,145
Movie-516,878,1965,855,584
Movie-517,654,493,2373,2490
Movie-518,1221,2972,647,1721
Movie-519,1538,1894,2785,1805
Movie-520,1786,1503,2520,2818
Movie-521,55,254,2664,1840
Movie-522,284,217,774,2645
Movie-523,1439,1429,2275,392
Movie-524,2395,2686,1895,2565
Movie-525,84,534,1206,6
Movie-526,2594,2123,292,1994
Movie-527,925,345,481,2956
Movie-528,1851,1225,2526,562
Movie-529,374,1001,1163,896
Movie-530,1637,2754,1996,2588
Movie-531,225,350,844,1580
Movie-532,2,1237,2099,1113
Movie-533,1577,2611,259,748
Movie-534,1398,1070,2642,2326
Movie-535,747,2781,1267,158
Movie-536,2408,205,2583,96
Movie-537,1388,1789,119,2260
Movie-538,1514,923,2927,1099
Movie-539,1500,562,725,2196
Movie-540,1514,464,1963,1438
Movie-541,128,2061,2619,1191
Movie-542,2563,711,2640,1327
Movie-543,2390,2097,915,2823
Movie-544,982,832,969,2899
Movie-545,2846,544,281,692
Movie-546,1971,1467,1116,629
Movie-547,923,122,2498,2180
Movie-548,1172,1928,2643,1842
Movie-549,2562,1736,115,1633
Movie-550,1347,2418,1790,706
Movie-551,1114,2786,2234,1609
Movie-552,712,223,1593,764
Movie-553,1331,1591,2970,1359
Movie-554,788,2545,2469,1536
Movie-555,1500,2928,1567,2531
Movie-556,418,88,1073,2464
Movie-557,941,672,459,2796
Movie-558,1334,1520,161,2615
Movie-559,670,2012,625,294
Movie-560,2968,1132,1383,1584
Movie-561,617,544,1651,781
Movie-562,2062,1832,987,2831
Movie-563,72,2931,1976,914
Movie-564,2181,2203,394,2399
Movie-565,262,1716,2055,772
Movie-566,264,533,617,2496
Movie-567,2347,1796,1744,2228
Movie-568,1140,2235,2610,533
Movie-569,2227,1260,939,343
Movie-570,1922,1750,762,2854
Movie-571,1952,1674,2884,2723
Movie-572,1907,1288,2304,1830
Movie-573,861,943,1561,1206
Movie-574,1270,2474,2437,518
Movie-575,328,1808,1635,1879
Movie-576,431,1528,1323,1477
Movie-577,2331,992,1049,1479
Movie-578,1435,385,969,1382
Movie-579,353,728,2716,2859
Movie-580,2666,419,1242,556
Movie-581,1835,2510,154,401
Movie-582,1792,712,2857,233
Movie-583,457,2228,10,2449
Movie-584,2389,1416,610,1711
Movie-585,611,2370,2128,916
Movie-586,2407,703,199,1025
Movie-587,1800,635,952,2921
Movie-588,1076,1554,1681,1835
Movie-589,1138,2419,179,479
Movie-590,2896,1397,134,1075
Movie-591,705,1906,2725,772
Movie-592,1447,1960,1214,2306
Movie-593,2010,1864,1062,774
Movie-594,1304,2843,2538,2498
Movie-595,1480,2217,714,758
Movie-596,2981,2256,219,2646
Movie-597,1991,459,448,1810
Movie-598,2746,2368,2285,1545
Movie-599,1344,515,204,2006
Movie-600,2587,1530,1183,709
Movie-601,439,2281,471,2578
Movie-602,1541,2687,846,2987
Movie-603,478,2740,842,616
Movie-604,1504,2315,1751,1720
Movie-605,2783,762,510,283
Movie-606,1967,1684,2656,523
Movie-607,2995,2637,833,548
Movie-608,1741,2561,302,1111
Movie-609,1953,40,1076,502
Movie-610,1291,1581,824,2006
Movie-611,2095,2278,1799,1606
Movie-612,748,1083,1726,2143
Movie-613,763,516,2687,1122
Movie-614,1038,2695,2354,2597
Movie-615,587,950,2842,2327
Movie-616,769,1820,1515,2258
Movie-617,1862,1300,1534,1810
Movie-618,133,1781,731,212
Movie-619,1690,664,1941,2703
Movie-620,200,2655,1301,2408
Movie-621,2143,705,2543,1445
Movie-622,1229,1938,2552,2474
Movie-623,1706,222,1466,1908
Movie-624,1343,2417,475,196
Movie-625,1844,1009,2707,308
Movie-626,2873,1134,2538,1058
Movie-627,604,442,1868,17
Movie-628,21,2000,2433,2020
Movie-629,2461,681,2097,117
Movie-630,426,1373,709,2972
Movie-631,2196,1742,506,210
Movie-632,2545,2918,2785,2823
Movie-633,530,178,2762,401
Movie-634,2101,308,2296,2306
Movie-635,2009,1645,1935,222
Movie-636,800,1077,1387,156
Movie-637,199,596,1174,1781
Movie-638,766,2813,2060,2931
Movie-639,1118,2038,347,2809
Movie-640,2107,947,2935,1562
Movie-641,1279,2366,624,2928
Movie-642,1763,1207,2139,583
Movie-643,2007,760,549,1824
Movie-644,1946,557,2698,2646
Movie-645,2004,1958,2239,1732
Movie-646,2132,2749,769,1732
Movie-647,889,2611,1224,1013
Movie-648,2851,1450,324,1655
Movie-649,573,2326,124,1187
Movie-650,1851,2099,1182,2340
Movie-651,83,906,1648,162
Movie-652,727,1207,1761,1016
Movie-653,1097,1554,2537,1094
Movie-654,1637,1015,1082,2284
Movie-655,298,1971,2788,2176
Movie-656,1756,1379,1531,1238
Movie-657,2639,176,1168,2335
Movie-658,715,1830,430,1077
Movie-659,518,1147,1453,2033
Movie-660,615,1700,98,2953
Movie-661,546,806,1661,1359
Movie-662,2453,1936,1363,2624
Movie-663,2380,1406,1443,1860
Movie-664,1869,13,2086,1990
Movie-665,2261,2370,1828,2815
Movie-666,1574,1262,431,1105
Movie-667,2253,252,1886,122
Movie-668,2963,1603,1864,1968
Movie-669,724,331,2415,1438
Movie-670,1235,351,2383,1940
Movie-671,1220,1576,899,1286
Movie-672,1903,425,206,1424
Movie-673,2657,2244,447,2400
Movie-674,459,1200,312,2410
Movie-675,1461,750,2957,1327
Movie-676,744,1495,1551,625
Movie-677,717,1225,173,2198
Movie-678,2920,621,1756,1067
Movie-679,2051,2467,2951,2086
Movie-680,2317,957,2121,450
Movie-681,2090,1725,866,128
Movie-682,2740,1268,758,2570
Movie-683,2778,1533,1426,1027
Movie-684,2258,2921,1641,2636
Movie-685,1974,231,2173,2875
Movie-686,1374,22,460,757
Movie-687,1956,2031,419,1920
Movie-688,2963,148,1052,761
Movie-689,1414,1828,476,777
Movie-690,2023,1367,2449,178
Movie-691,1290,244,158,300
Movie-692,1580,1567,292,2900
Movie-693,1987,2808,816,1640
Movie-694,323,796,2159,1608
Movie-695,1120,99,1048,2536
Movie-696,1134,330,780,727
Movie-697,108,1609,1146,190
Movie-698,2860,1008,911,1334
Movie-699,2057,2994,1925,2179
Movie-700,219,1542,2331,2103
Movie-701,2294,899,1231,594
Movie-702,2172,1600,270,2580
Movie-703,2816,2026,1321,779
Movie-704,2895,2853,2753,486
Movie-705,20,1950,2862,2775
Movie-706,2444,2531,2741,2444
Movie-707,931,260,1598,2297
Movie-708,2243,1408,812,238
Movie-709,2692,82,2219,2144
Movie-710,225,618,1219,113
Movie-711,713,1915,77,33
Movie-712,1711,1460,1873,28
Movie-713,2301,2802,2251,900
Movie-714,2686,1184,1304,1189
Movie-715,1293,2725,515,2421
Movie-716,1635,910,1142,1770
Movie-717,1099,1012,1089,1706
Movie-718,2403,647,467,1317
Movie-719,2350,748,2963,1386
Movie-720,1621,1208,1238,2568
Movie-721,2512,2125,504,2905
Movie-722,171,1105,2590,2968
Movie-723,1983,436,2144,2075
Movie-724,28,2230,239,723
Movie-725,1656,637,2644,1463
Movie-726,2410,673,988,859
Movie-727,2241,2438,2689,513
Movie-728,2962,1225,2721,2580
Movie-729,1950,1465,1676,2676
Movie-730,2864,2079,2671,2461
Movie-731,1469,2536,2261,1224
Movie-732,385,2570,2996,530
Movie-733,153,2254,239,951
Movie-734,878,365,2373,424
Movie-735,1278,1304,1825,1500
Movie-736,2304,1961,1654,1919
Movie-737,2538,2751,1006,1965
Movie-738,2924,551,87,2578
Movie-739,2257,415,886,936
Movie-740,2433,1606,2631,1728
Movie-741,2527,2082,2804,391
Movie-742,416,467,2485,2207
Movie-743,2402,1014,2232,726
Movie-744,2188,2736,935,2542
Movie-745,2321,1850,2554,706
Movie-746,60,2002,667,2998
Movie-747,738,983,126,2261
Movie-748,1158,477,2705,2647
Movie-749,1179,1176,216,1574
Movie-750,2136,1067,953,1330
Movie-751,1782,2741,712,1035
Movie-752,2894,124,1256,2975
Movie-753,841,2846,2877,2455
Movie-754,875,2707,1914,213
Movie-755,567,2031,2820,2821
Movie-756,588,1119,1557,1305
Movie-757,598,1315,1737,1893
Movie-758,899,1638,1584,390
Movie-759,2208,729,1831,1319
Movie-760,2134,1970,561,1381
Movie-761,1118,2054,279,1742
Movie-762,1200,1141,1318,2643
Movie-763,996,105,2296,1407
Movie-764,690,220,2595,1482
Movie-765,1518,2729,1785,114
Movie-766,58,1196,2184,2997
Movie-767,1970,2002,1120,2649
Movie-768,2750,2197,879,2294
Movie-769,1678,1009,670,1824
Movie-770,855,1178,118,1097
Movie-771,2560,746,1840,1688
Movie-772,1243,720,1400,2795
Movie-773,2754,695,951,1525
Movie-774,971,1313,1922,2904
Movie-775,1984,1428,2760,1468
Movie-776,1348,2710,2789,1916
Movie-777,2363,25,2767,1619
Movie-778,15,1985,2544,1163
Movie-779,1185,1905,1137,1866
Movie-780,2259,2905,2246,1908
Movie-781,285,992,1520,1053
Movie-782,492,2148,2312,232
Movie-783,1299,815,44,71
Movie-784,2424,508,1754,245
Movie-785,2769,2896,942,454
Movie-786,1549,1040,1836,2529
Movie-787,343,276,481,2161
Movie-788,2812,1191,1734,1058
Movie-789,1634,2920,1083,1605
Movie-790,1149,2567,790,390
Movie-791,2235,387,776,1175
Movie-792,2022,812,2241,1559
Movie-793,2170,1671,2679,212
Movie-794,2602,1768,1992,2268
Movie-795,2199,2470,2464,2299
Movie-796,1590,1062,2526,1865
Movie-797,292,2328,1938,2166
Movie-798,2267,2077,2760,171
Movie-799,2294,947,96,714
Movie-800,1042,2842,2464,920
Movie-801,1263,253,2431,449
Movie-802,2131,2936,1624,1970
Movie-803,2619,909,1764,2889
Movie-804,2182,1114,2793,2081
Movie-805,169,1490,1660,2303
Movie-806,2179,2245,298,2499
Movie-807,972,149,2207,2690
Movie-808,1977,927,1748,343
Movie-809,1194,1874,1842,1569
Movie-810,2911,1397,209,1267
Movie-811,1549,1944,1324,1314
Movie-812,300,225,1214,1529
Movie-813,2968,960,2268,2660
Movie-814,1162,14,2530,988
Movie-815,2501,917,398,401
Movie-816,1326,1012,2450,1035
Movie-817,1424,2255,2932,1053
Movie-818,1322,259,647,1568
Movie-819,457,2701,2539,585
Movie-820,1686,1116,2710,2310
Movie-821,242,2982,165,1827
Movie-822,2310,303,123,831
Movie-823,1542,2915,602,334
Movie-824,2048,1175,2894,2154
Movie-825,1503,964,2485,920
Movie-826,2757,1587,1251,1405
Movie-827,19,165,2661,418
Movie-828,1894,2384,179,797
Movie-829,801,213,1511,172
Movie-830,260,1229,1842,1311
Movie-831,879,2738,817,800
Movie-832,2677,2428,185,2421
Movie-833,328,1512,508,1898
Movie-834,2041,873,1775,502
Movie-835,1723,2417,1533,1653
Movie-836,192,2320,1692,729
Movie-837,1965,2453,1982,236
Movie-838,268,2529,517,1478
Movie-839,449,2858,2447,760
Movie-840,2221,1696,443,625
Movie-841,306,530,327,1662
Movie-842,2901,1788,1692,1194
Movie-843,2437,414,1194,1951
Movie-844,19,7,389,2036
Movie-845,1075,231,1946,2238
Movie-846,2782,3000,2179,2277
Movie-847,954,2643,485,644
Movie-848,2336,2082,1382,1805
Movie-849,924,2798,1602,1375
Movie-850,441,2827,1410,2658
Movie-851,1525,1670,539,86
Movie-852,1415,953,2176,266
Movie-853,2514,2871,2165,2794
Movie-854,750,2146,1280,2974
Movie-855,120,1654,2727,1472
Movie-856,857,2975,2567,1559
Movie-857,2477,2314,1276,2231
Movie-858,466,1382,2144,2565
Movie-859,18,2007,1783,1331
Movie-860,155,1224,526,1614
Movie-861,1606,2373,2901,2349
Movie-862,147,434,230,895
Movie-863,2485,1213,1541,667
Movie-864,1779,100,1406,313
Movie-865,1878,2981,2908,604
Movie-866,280,297,2395,385
Movie-867,2865,2943,472,700
Movie-868,2797,304,1420,196
Movie-869,1564,2051,2326,1743
Movie-870,1388,2362,1405,2015
Movie-871,1354,2553,1018,2703
Movie-872,2192,1662,1530,323
Movie-873,431,625,2620,1052
Movie-874,1465,2216,2753,1248
Movie-875,140,700,706,1547
Movie-876,1792,980,471,821
Movie-877,1919,2567,95,2671
Movie-878,1680,669,2416,2010
Movie-879,200,2887,289,705
Movie-880,2287,671,747,1046
Movie-881,5,814,2026,148
Movie-882,538,2059,182,620
Movie-883,1806,1200,1723,1350
Movie-884,2505,2853,1799,577
Movie-885,196,10,1861,1984
Movie-886,1300,2283,249,296
Movie-887,1229,340,1649,994
Movie-888,1781,663,1584,2476
Movie-889,1231,1843,2860,24
Movie-890,2941,974,1896,1223
Movie-891,641,2248,1196,1275
Movie-892,2390,2716,1131,1303
Movie-893,2656,1053,2399,2001
Movie-894,2368,2257,857,2618
Movie-895,2287,2945,2015,1685
Movie-896,2358,1965,1668,1999
Movie-897,997,64,160,439
Movie-898,1206,1185,696,104
Movie-899,2690,2277,409,1914
Movie-900,2118,1844,1857,157
Movie-901,2219,412,456,2638
Movie-902,2438,1662,1621,1119
Movie-903,360,1101,1864,1247
Movie-904,319,2694,2527,771
Movie-905,1096,908,1169,1697
Movie-906,2394,1946,1332,2630
Movie-907,2201,349,2615,1235
Movie-908,2174,2665,2782,171
Movie-909,58,31,1627,2295
Movie-910,757,564,2166,324
Movie-911,958,206,1270,2908
Movie-912,2243,735,1557,526
Movie-913,494,836,1642,839
Movie-914,1100,1348,196,2125
Movie-915,1836,1463,85,672
Movie-916,883,367,1167,2279
Movie-917,1973,1382,2234,2366
Movie-918,1357,2063,2707,635
Movie-919,1166,929,944,394
Movie-920,553,2807,1431,283
Movie-921,2253,2018,1329,1963
Movie-922,630,985,2833,819
Movie-923,1184,11,1316,1716
Movie-924,1174,1823,836,833
Movie-925,902,201,781,1589
Movie-926,1239,32,2632,2406
Movie-927,1778,730,2185,1453
Movie-928,2875,975,2344,1174
Movie-929,2537,1841,1817,534
Movie-930,2085,1192,2246,1383
Movie-931,1107,1936,170,602
Movie-932,1490,1493,2238,1061
Movie-933,1964,474,1014,2331
Movie-934,2398,1598,1355,58
Movie-935,168,2793,841,393
Movie-936,2770,207,819,1719
Movie-937,1504,578,1558,2367
Movie-938,2600,1476,2555,771
Movie-939,488,819,146,259
Movie-940,652,1135,819,1107
Movie-941,859,2784,2040,278
Movie-942,2700,2201,1603,748
Movie-943,1068,879,2694,1874
Movie-944,2482,2049,1,1373
Movie-945,2902,1595,471,1539
Movie-946,717,1470,2732,422
Movie-947,1196,1016,5,2092
Movie-948,223,2109,1712,1772
Movie-949,875,1299,1088,375
Movie-950,32,1488,1820,106
Movie-951,2199,2418,2170,425
Movie-952,2430,616,1082,1184
Movie-953,1924,1379,1897,2765
Movie-954,2199,199,1514,2305
Movie-955,2934,2175,859,2995
Movie-956,452,154,916,2772
Movie-957,777,2761,597,2736
Movie-958,2996,2330,483,2878
Movie-959,1156,1129,916,1858
Movie-960,252,243,689,2401
Movie-961,1610,2671,91,7
Movie-962,1499,1011,609,2654
Movie-963,1608,1578,1822,2713
Movie-964,2795,1755,2828,2649
Movie-965,2984,1041,819,1865
Movie-966,2350,331,774,91
Movie-967,263,1035,970,1775
Movie-968,1977,985,1791,2436
Movie-969,291,606,466,994
Movie-970,617,2586,226,2696
Movie-971,2999,846,1072,1349
Movie-972,190,2285,577,250
Movie-973,294,296,1201,652
Movie-974,1983,2668,923,87
Movie-975,1305,2037,1109,1373
Movie-976,2643,1373,2957,1788
Movie-977,2126,1499,1978,2470
Movie-978,486,1391,1102,656
Movie-979,2621,1269,2846,1116
Movie-980,612,2111,1033,1792
Movie-981,1106,48,656,2661
Movie-982,793,501,1026,2578
Movie-983,1105,1994,704,1299
Movie-984,1664,2124,518,1269
Movie-985,1153,5,377,1212
Movie-986,1883,2232,2,1868
Movie-987,497,1151,1639,389
Movie-988,2061,1570,2434,2672
Movie-989,2131,2535,2167,2695
Movie-990,78,1442,363,244
Movie-991,2270,1905,2857,1983
Movie-992,2396,853,2824,2503
Movie-993,965,366,647,462
Movie-994,22,1267,693,2218
Movie-995,898,1570,215,1987
Movie-996,2902,2216,401,2296
Movie-997,2374,1652,422,1933
Movie-998,1528,1004,153,1608
Movie-999,1212,1360,109,2500
Movie-1000,317,628,80,243
Movie-1001,2953,2586,1537,326
Movie-1002,397,1062,445,135
Movie-1003,2207,379,897,2783
Movie-1004,1989,1936,620,332
Movie-1005,2502,345,1631,2927
Movie-1006,2055,1897,574,373
Movie-1007,661,2870,1700,2700
Movie-1008,2765,2531,1763,1898
Movie-1009,493,1651,2989,314
Movie-1010,2481,428,635,1693
Movie-1011,2097,227,2235,141
Movie-1012,904,272,1045,52
Movie-1013,2289,78,1526,1906
Movie-1014,1610,811,91,2781
Movie-1015,1518,2939,2152,2753
Movie-1016,188,1931,1527,2585
Movie-1017,2633,1875,2151,2659
Movie-1018,727,236,1150,946
Movie-1019,382,90,2972,1273
Movie-1020,1267,1438,1682,1762
Movie-1021,228,1941,2896,343
Movie-1022,471,1452,997,2501
Movie-1023,467,2664,1,2639
Movie-1024,2362,2949,1249,756
Movie-1025,1785,142,1225,2653
Movie-1026,2227,2238,732,2629
Movie-1027,2124,1285,1484,2948
Movie-1028,1559,2588,1055,880
Movie-1029,978,1165,1196,2507
Movie-1030,350,1350,99,1663
Movie-1031,2281,113,428,2231
Movie-1032,1909,2904,2206,2163
Movie-1033,2910,2044,1344,585
Movie-1034,238,303,939,2323
Movie-1035,2450,1593,690,1620
Movie-1036,2970,569,1193,1319
Movie-1037,871,20,2981,784
Movie-1038,1016,2818,2452,40
Movie-1039,1568,2207,2214,489
Movie-1040,1133,2588,1807,1645
Movie-1041,287,1356,47,1043
Movie-1042,1606,1443,2143,1498
Movie-1043,982,2135,1499,2217
Movie-1044,422,537,300,999
Movie-1045,788,892,2011,716
Movie-1046,1168,2119,167,980
Movie-1047,2218,2282,2010,2440
Movie-1048,2421,2375,2569,1824
Movie-1049,1061,1404,1805,1973
Movie-1050,2689,1503,2821,2654
Movie-1051,2584,2269,1857,1397
Movie-1052,859,2903,2043,2989
Movie-1053,2017,2651,2751,1068
Movie-1054,1071,2557,1895,1751
Movie-1055,2976,755,1329,1819
Movie-1056,1833,44,2356,142
Movie-1057,446,40,2783,589
Movie-1058,361,2624,519,2177
Movie-1059,2417,64,251,1704
Movie-1060,1336,1467,1596,1980
Movie-1061,1422,2871,1904,2952
Movie-1062,1968,2182,435,1204
Movie-1063,2693,2240,1712,1888
Movie-1064,1112,615,483,2616
Movie-1065,2170,582,960,2917
Movie-1066,1735,30,1891,473
Movie-1067,2332,1472,1546,1924
Movie-1068,2698,533,2512,2351
Movie-1069,216,1760,435,2647
Movie-1070,2607,1909,497,2078
Movie-1071,1196,1711,2762,353
Movie-1072,2585,1716,2865,1167
Movie-1073,2234,2632,9,1926
Movie-1074,1373,502,2574,1891
Movie-1075,978,3000,1506,192
Movie-1076,2514,317,1697,2845
Movie-1077,1075,240,1485,1224
Movie-1078,848,2176,721,2179
Movie-1079,2704,45,177,2934
Movie-1080,1732,2709,1657,1023
Movie-1081,1264,2439,284,2015
Movie-1082,1954,987,206,1536
Movie-1083,2829,2233,1929,38
Movie-1084,443,835,2012,2246
Movie-1085,2079,741,845,2400
Movie-1086,2223,2127,825,654
Movie-1087,938,2618,777,1047
Movie-1088,996,2504,343,2171
Movie-1089,1301,178,492,2847
Movie-1090,2304,2977,636,1883
Movie-1091,410,2973,2022,1595
Movie-1092,531,2148,620,2548
Movie-1093,1565,868,1282,1990
Movie-1094,2398,1645,1622,2779
Movie-1095,199,2323,2238,2310
Movie-1096,723,2079,852,2052
Movie-1097,1216,2104,260,1107
Movie-1098,2872,2154,2610,2295
Movie-1099,930,1583,2066,2878
Movie-1100,2130,1770,375,1109
Movie-1101,769,2501,2945,1421
Movie-1102,602,2179,2083,1551
Movie-1103,1115,253,2178,517
Movie-1104,2827,1818,2996,1250
Movie-1105,1879,605,2456,1845
Movie-1106,1321,757,1761,1147
Movie-1107,2844,2245,953,1316
Movie-1108,362,682,350,2289
Movie-1109,2874,1395,874,696
Movie-1110,2010,1770,47,1052
Movie-1111,367,1815,1556,959
Movie-1112,1681,1732,2944,1348
Movie-1113,642,861,110,495
Movie-1114,250,2487,1733,2106
Movie-1115,1546,1598,580,2553
Movie-1116,1540,2289,2827,492
Movie-1117,1787,1596,2011,1501
Movie-1118,2529,21,1303,2195
Movie-1119,2473,2615,1361,1513
Movie-1120,2810,183,849,1839
Movie-1121,1014,1918,98,2698
Movie-1122,1737,899,1063,1210
Movie-1123,2803,193,432,1169
Movie-1124,838,2713,1077,537
Movie-1125,2586,653,1596,628
Movie-1126,2079,94,1952,1519
Movie-1127,1811,829,1824,1621
Movie-1128,1348,2382,228,79
Movie-1129,409,1805,994,1092
Movie-1130,565,568,1550,375
Movie-1131,2855,1709,1752,388
Movie-1132,2273,1975,2038,2574
Movie-1133,33,2887,1707,2479
Movie-1134,2399,619,1463,2691
Movie-1135,1401,1323,1608,488
Movie-1136,157,236,2686,2397
Movie-1137,1430,2573,909,259
Movie-1138,2301,2048,669,2410
Movie-1139,1409,2568,807,2534
Movie-1140,2243,504,1897,676
Movie-1141,1561,1324,278,2853
Movie-1142,620,653,1691,2022
Movie-1143,1397,2953,1764,1983
Movie-1144,2690,839,740,665
Movie-1145,2857,709,2840,2931
Movie-1146,2629,2064,2513,2513
Movie-1147,518,547,1774,2499
Movie-1148,208,2201,1094,2295
Movie-1149,1856,748,1123,1917
Movie-1150,850,1066,850,423
Movie-1151,2766,2666,1632,1943
Movie-1152,1975,2899,437,655
Movie-1153,280,1855,2417,231
Movie-1154,2224,543,581,2345
Movie-1155,1077,1452,1250,903
Movie-1156,2464,1348,946,606
Movie-1157,503,2037,1083,1115
Movie-1158,2342,2110,1800,1927
Movie-1159,2491,355,2911,903
Movie-1160,2237,1590,377,2313
Movie-1161,1314,1957,2196,2853
Movie-1162,2845,47,1373,504
Movie-1163,1607,2900,656,1205
Movie-1164,1135,1458,663,123
Movie-1165,2326,611,654,2029
Movie-1166,560,1605,780,660
Movie-1167,2608,2399,1601,2757
Movie-1168,773,1475,880,1357
Movie-1169,2559,2544,206,2730
Movie-1170,1737,280,2784,2509
Movie-1171,3,352,186,1272
Movie-1172,1556,2745,1672,733
Movie-1173,1589,2669,1103,1576
Movie-1174,558,198,2362,1882
Movie-1175,2925,1006,2897,2453
Movie-1176,630,2030,2856,344
Movie-1177,1383,1026,1330,1066
Movie-1178,840,2616,1504,573
Movie-1179,2199,506,2917,1092
Movie-1180,2904,2036,1809,1234
Movie-1181,1716,791,2179,443
Movie-1182,2409,339,2510,820
Movie-1183,1644,2689,389,2483
Movie-1184,1579,2405,2910,1922
Movie-1185,221,716,1362,234
Movie-1186,1250,1740,2536,1730
Movie-1187,366,2914,1379,2792
Movie-1188,1865,1644,2987,1519
Movie-1189,2937,1367,105,2068
Movie-1190,2207,1117,2812,2721
Movie-1191,103,328,67,743
Movie-1192,810,2880,1582,1810
Movie-1193,1965,1625,1979,1468
Movie-1194,994,244,540,2456
Movie-1195,2280,213,1543,2267
Movie-1196,541,2901,1911,1486
Movie-1197,763,751,348,1104
Movie-1198,530,2417,47,2544
Movie-1199,222,1640,787,395
Movie-1200,78,1014,1705,1841
Movie-1201,2605,208,676,2525
Movie-1202,151,1866,900,2229
Movie-1203,1169,842,2561,815
Movie-1204,2275,2455,816,2097
Movie-1205,1066,2372,87,1262
Movie-1206,1425,2239,35,2358
Movie-1207,1800,566,2782,1796
Movie-1208,1111,1972,531,1147
Movie-1209,149,2759,1856,1996
Movie-1210,2232,777,798,2847
Movie-1211,607,592,933,332
Movie-1212,2099,1400,2447,528
Movie-1213,1213,927,2365,1876
Movie-1214,1870,1805,301,2266
Movie-1215,697,1561,2850,2551
Movie-1216,1285,1518,2558,2139
Movie-1217,23,505,232,1933
Movie-1218,1636,2144,2990,2724
Movie-1219,1589,1389,112,152
Movie-1220,307,2296,154,1913
Movie-1221,1389,1308,894,62
Movie-1222,2056,1095,2570,1750
Movie-1223,2535,2034,1621,2300
Movie-1224,1629,1741,2874,1528
Movie-1225,2028,215,799,729
Movie-1226,466,322,1412,2691
Movie-1227,1557,2451,2301,836
Movie-1228,418,2085,1955,2280
Movie-1229,1394,367,2888,2760
Movie-1230,2296,1585,2635,2794
Movie-1231,864,2173,632,1897
Movie-1232,2153,1806,2356,1181
Movie-1233,834,2989,1060,665
Movie-1234,1329,1242,156,756
Movie-1235,2163,1466,343,2027
Movie-1236,779,1426,229,29
Movie-1237,65,2993,2105,1537
Movie-1238,703,1772,740,2334
Movie-1239,2907,580,2969,2002
Movie-1240,1183,2368,1979,987
Movie-1241,429,2908,962,612
Movie-1242,1292,1923,2556,2409
Movie-1243,2340,2209,2417,2675
Movie-1244,1233,2331,1146,2808
Movie-1245,138,2431,304,442
Movie-1246,775,1799,747,2422
Movie-1247,800,2136,35,656
Movie-1248,395,2320,732,565
Movie-1249,2283,908,2197,1389
Movie-1250,2560,2758,1937,1542
Movie-1251,542,2626,2133,854
Movie-1252,761,2160,1035,2620
Movie-1253,1025,2405,1965,486
Movie-1254,2004,1517,470,2601
Movie-1255,2711,2801,2312,176
Movie-1256,1776,2220,1,2861
Movie-1257,2294,2591,1032,1012
Movie-1258,1723,2331,1045,2920
Movie-1259,2930,959,2895,2379
Movie-1260,430,2034,2170,1695
Movie-1261,2026,106,586,2738
Movie-1262,657,1575,2551,2840
Movie-1263,2854,2941,2770,553
Movie-1264,2308,335,2209,268
Movie-1265,1373,1476,1250,706
Movie-1266,1753,1420,1744,2746
Movie-1267,2040,2992,683,2487
Movie-1268,1654,1320,1801,422
Movie-1269,379,1844,2404,1956
Movie-1270,2494,2305,1379,2693
Movie-1271,1003,2142,1320,455
Movie-1272,864,2785,1354,2666
Movie-1273,246,2658,2544,1748
Movie-1274,2569,2678,1980,1374
Movie-1275,786,2842,2168,1175
Movie-1276,366,1551,1806,2246
Movie-1277,2954,2293,87,2822
Movie-1278,297,1641,453,1269
Movie-1279,781,2212,3000,1842
Movie-1280,2014,854,1256,2949
Movie-1281,2500,2723,2205,432
Movie-1282,2480,2349,2080,2204
Movie-1283,1719,185,2957,2346
Movie-1284,2758,1398,1317,2126
Movie-1285,311,2253,1360,1416
Movie-1286,2627,1013,987,2676
Movie-1287,2172,437,1740,116
Movie-1288,1500,2660,2233,1444
Movie-1289,897,475,1593,2924
Movie-1290,2348,133,1452,1560
Movie-1291,1633,2678,366,2779
Movie-1292,1125,1926,1891,2843
Movie-1293,2957,1673,2611,822
Movie-1294,2192,2427,1922,1056
Movie-1295,763,441,594,1201
Movie-1296,357,595,797,1522
Movie-1297,518,2415,2530,2645
Movie-1298,173,2531,1232,558
Movie-1299,433,2586,566,2226
Movie-1300,1992,757,1333,2457
Movie-1301,933,769,2718,2435
Movie-1302,1645,75,1559,787
Movie-1303,546,481,30,2617
Movie-1304,2588,2763,1711,51
Movie-1305,1446,2297,2637,353
Movie-1306,1135,1840,1415,1009
Movie-1307,581,2144,1953,2072
Movie-1308,2518,2999,1411,166
Movie-1309,2428,1240,380,1071
Movie-1310,2814,480,2521,1511
Movie-1311,1957,1426,2441,872
Movie-1312,337,61,1724,2578
Movie-1313,2363,1469,1003,2299
Movie-1314,2600,1687,2925,666
Movie-1315,2957,1508,2208,2590
Movie-1316,235,224,2119,556
Movie-1317,1576,1965,2073,1204
Movie-1318,1025,2144,2191,2433
Movie-1319,2095,1695,650,400
Movie-1320,736,2,1298,1223
Movie-1321,1034,880,1751,1612
Movie-1322,2009,1814,491,762
Movie-1323,922,2073,860,1533
Movie-1324,1995,829,1817,968
Movie-1325,647,1694,2259,781
Movie-1326,1363,2637,1724,2274
Movie-1327,1018,82,1493,793
Movie-1328,1046,1977,1822,450
Movie-1329,1228,132,2063,878
Movie-1330,2905,1874,1013,1433
Movie-1331,1765,1442,1149,663
Movie-1332,2876,1144,1169,352
Movie-1333,2706,1576,718,2000
Movie-1334,2357,1414,1413,1704
Movie-1335,1664,1741,566,1777
Movie-1336,1109,2950,2035,2717
Movie-1337,249,503,2658,313
Movie-1338,445,954,656,862
Movie-1339,2790,1584,151,1349
Movie-1340,465,1105,1314,306
Movie-1341,643,11,1257,2263
Movie-1342,248,1230,2627,519
Movie-1343,621,1802,2481,1334
Movie-1344,1330,957,656,1536
Movie-1345,1362,2422,1242,2939
Movie-1346,1530,2644,1799,760
Movie-1347,1231,1515,590,1559
Movie-1348,2124,2116,750,1067
Movie-1349,2525,2443,2479,2534
Movie-1350,1628,1812,1221,2212
Movie-1351,926,1092,984,102
Movie-1352,291,776,700,1472
Movie-1353,2095,1218,383,926
Movie-1354,1510,1523,1026,1021
Movie-1355,1617,1166,1967,940
Movie-1356,552,802,220,2201
Movie-1357,1353,1740,338,704
Movie-1358,346,216,1636,588
Movie-1359,2334,1690,820,2355
Movie-1360,1039,1152,1185,1988
Movie-1361,877,2953,39,104
Movie-1362,383,1805,2747,1816
Movie-1363,589,813,2522,2375
Movie-1364,1169,866,2406,1676
Movie-1365,726,2964,2353,674
Movie-1366,1607,460,735,1793
Movie-1367,822,2155,1454,1602
Movie-1368,1582,1929,1456,1424
Movie-1369,2516,2972,152,900
Movie-1370,1740,2463,2399,1143
Movie-1371,628,2088,2646,177
Movie-1372,1067,2182,1569,733
Movie-1373,1862,1595,2925,2415
Movie-1374,380,703,1121,1393
Movie-1375,479,1417,397,1943
Movie-1376,2422,947,1682,2892
Movie-1377,324,687,2712,1059
Movie-1378,2631,2788,797,1348
Movie-1379,1788,268,2422,1942
Movie-1380,2225,2856,814,2012
Movie-1381,3000,195,1398,2009
Movie-1382,1812,1076,291,1581
Movie-1383,24,460,2601,906
Movie-1384,1268,2617,2933,58
Movie-1385,2932,2859,279,1010
Movie-1386,2907,1927,1050,296
Movie-1387,1906,65,950,2638
Movie-1388,677,980,2025,2883
Movie-1389,1162,1588,1407,1054
Movie-1390,499,475,1797,1526
Movie-1391,2791,2120,2492,851
Movie-1392,2533,2046,2529,810
Movie-1393,1067,466,425,1289
Movie-1394,223,795,2466,597
Movie-1395,2185,2893,1047,800
Movie-1396,2945,1140,1965,1485
Movie-1397,410,1531,2969,2688
Movie-1398,2805,2206,1464,214
Movie-1399,455,2910,2836,2866
Movie-1400,2959,515,953,2069
Movie-1401,1582,2121,798,1371
Movie-1402,857,711,852,2991
Movie-1403,589,2852,559,1675
Movie-1404,2951,35,772,2058
Movie-1405,123,722,2530,2973
Movie-1406,166,1286,1705,1599
Movie-1407,1266,1697,1335,2844
Movie-1408,1597,2126,2921,924
Movie-1409,1312,1633,1444,2799
Movie-1410,1834,2757,2286,230
Movie-1411,35,1530,89,2225
Movie-1412,2499,2510,2937,2762
Movie-1413,1198,2613,972,143
Movie-1414,261,1032,229,967
Movie-1415,2889,968,2687,725
Movie-1416,1028,1636,812,217
Movie-1417,622,2103,1268,2952
Movie-1418,1262,1388,1168,1980
Movie-1419,1374,2034,2274,521
Movie-1420,245,1366,2395,1034
Movie-1421,424,1474,2601,278
Movie-1422,2758,2600,1568,2529
Movie-1423,1373,2987,2444,2995
Movie-1424,844,392,1801,406
Movie-1425,499,2593,2990,820
Movie-1426,1665,1198,2729,1132
Movie-1427,2786,1202,283,530
Movie-1428,2069,318,2463,1225
Movie-1429,560,729,1118,1085
Movie-1430,446,238,975,1918
Movie-1431,998,1351,1665,459
Movie-1432,1883,1268,1443,2777
Movie-1433,108,977,2704,935
Movie-1434,1924,2725,2230,1657
Movie-1435,756,854,1770,1120
Movie-1436,1694,314,1379,110
Movie-1437,2788,2586,215,1615
Movie-1438,2925,390,2233,1983
Movie-1439,664,597,1176,2524
Movie-1440,148,1951,1122,2023
Movie-1441,235,70,2180,1441
Movie-1442,1313,573,909,482
Movie-1443,1181,1327,1788,2313
Movie-1444,2285,2474,646,319
Movie-1445,2139,1819,1216,952
Movie-1446,2185,990,1384,695
Movie-1447,2121,2453,2159,1571
Movie-1448,227,1526,1311,1998
Movie-1449,2261,612,2764,315
Movie-1450,2559,1851,1084,951
Movie-1451,995,1254,53,2847
Movie-1452,1500,447,2007,925
Movie-1453,1701,2479,65,1827
Movie-1454,1742,149,1294,2117
Movie-1455,2221,2999,2544,2667
Movie-1456,1021,2948,1849,1689
Movie-1457,792,1059,496,187
Movie-1458,2324,1195,897,1407
Movie-1459,2695,393,1483,1657
Movie-1460,1017,2898,2639,887
Movie-1461,1914,1080,2565,1082
Movie-1462,1964,35,1023,974
Movie-1463,1297,2282,157,1812
Movie-1464,899,3000,490,1839
Movie-1465,1865,2553,1720,342
Movie-1466,1046,2639,2374,1915
Movie-1467,2754,1884,651,1052
Movie-1468,188,141,780,122
Movie-1469,726,2767,1537,1190
Movie-1470,586,2532,2874,2685
Movie-1471,2890,1350,1340,2827
Movie-1472,2736,1884,1367,895
Movie-1473,1372,1807,1292,2708
Movie-1474,754,853,56,1460
Movie-1475,246,160,90,2714
Movie-1476,463,455,1679,1385
Movie-1477,1671,1382,1432,1539
Movie-1478,414,1685,1926,2137
Movie-1479,205,1548,2331,1017
Movie-1480,2006,1586,2629,1138
Movie-1481,2300,130,73,2848
Movie-1482,2447,632,910,1834
Movie-1483,604,1415,1517,24
Movie-1484,730,2129,95,471
Movie-1485,2623,1724,2801,1147
Movie-1486,2627,2351,2260,711
Movie-1487,872,2454,2540,2489
Movie-1488,1209,2012,2088,1370
Movie-1489,1033,1287,1684,2606
Movie-1490,2798,2325,1861,2813
Movie-1491,283,1671,1902,2909
Movie-1492,2695,2485,1856,347
Movie-1493,468,465,1892,858
Movie-1494,974,1971,2424,105
Movie-1495,1946,1719,901,1160
Movie-1496,2100,2399,1074,2971
Movie-1497,327,528,2149,33
Movie-1498,63,1425,1492,967
Movie-1499,594,57,1500,2353
Movie-1500,1220,2932,607,2197
Movie-1501,1939,1812,2044,2395
Movie-1502,75,1673,159,1394
Movie-1503,849,645,1425,361
Movie-1504,2654,2030,469,2172
Movie-1505,256,2438,1604,301
Movie-1506,2031,2834,142,1537
Movie-1507,1033,1747,2398,1246
Movie-1508,106,2317,548,1781
Movie-1509,189,976,1732,1615
Movie-1510,2981,879,2077,2099
Movie-1511,1683,1089,2878,2014
Movie-1512,337,1738,2328,549
Movie-1513,2251,2571,746,1755
Movie-1514,94,2875,893,2521
Movie-1515,896,2234,1555,2392
Movie-1516,2527,2828,2624,529
Movie-1517,1471,1223,312,2887
Movie-1518,2864,939,2480,1288
Movie-1519,2591,2054,336,1451
Movie-1520,519,50,1380,412
Movie-1521,900,1488,1132,1913
Movie-1522,700,54,707,832
Movie-1523,2795,855,1099,83
Movie-1524,2397,1911,1423,417
Movie-1525,122,2697,66,1895
Movie-1526,876,488,1486,2295
Movie-1527,832,1474,1275,2423
Movie-1528,2533,628,1376,1249
Movie-1529,372,2364,2859,792
Movie-1530,1919,1092,1138,1633
Movie-1531,916,190,2902,2723
Movie-1532,2593,2423,367,1079
Movie-1533,2684,1547,1214,353
Movie-1534,1441,468,1711,1115
Movie-1535,2380,214,1233,261
Movie-1536,2613,2417,2497,851
Movie-1537,898,36,697,544
Movie-1538,2035,1503,103,2128
Movie-1539,2835,2023,2477,1664
Movie-1540,1135,2741,811,481
Movie-1541,1890,2503,631,1378
Movie-1542,2247,58,806,1243
Movie-1543,1419,926,453,326
Movie-1544,2204,1171,360,1772
Movie-1545,984,2743,1685,1321
Movie-1546,1666,1780,2371,340
Movie-1547,602,1985,2533,330
Movie-1548,2772,2746,34,1901
Movie-1549,951,2605,307,1169
Movie-1550,272,103,1144,2006
Movie-1551,564,1916,2368,1940
Movie-1552,2657,2520,357,2669
Movie-1553,549,2297,2257,1315
Movie-1554,818,2640,385,247
Movie-1555,2001,856,2717,2999
Movie-1556,2521,25,2706,909
Movie-1557,2372,2437,2149,731
Movie-1558,2916,2184,1286,2299
Movie-1559,334,1414,1859,2304
Movie-1560,913,236,569,1500
Movie-1561,2470,464,2515,785
Movie-1562,645,2014,1688,1100
Movie-1563,2543,791,1723,2242
Movie-1564,2219,471,244,2338
Movie-1565,1223,2759,478,2949
Movie-1566,1468,1452,2580,2205
Movie-1567,1319,299,2597,370
Movie-1568,1036,2548,17,1669
Movie-1569,398,1772,2293,2347
Movie-1570,2181,2829,1929,917
Movie-1571,2154,685,812,424
Movie-1572,1767,2753,64,1413
Movie-1573,2738,1778,1051,809
Movie-1574,1814,2927,480,161
Movie-1575,2981,924,2659,1905
Movie-1576,1445,903,24,449
Movie-1577,2569,2015,263,2243
Movie-1578,1355,303,2978,2484
Movie-1579,2160,98,1952,1290
Movie-1580,1281,2976,2467,2654
Movie-1581,2167,2873,1585,1424
Movie-1582,1160,1687,1676,1181
Movie-1583,2465,2230,1255,2798
Movie-1584,300,2682,2836,739
Movie-1585,1875,908,845,2082
Movie-1586,2676,817,1225,2216
Movie-1587,1100,276,365,120
Movie-1588,2498,499,1964,1153
Movie-1589,2387,500,974,1884
Movie-1590,1767,1587,599,391
Movie-1591,2757,353,101,208
Movie-1592,230,1124,930,1593
Movie-1593,2006,509,959,908
Movie-1594,2934,2445,936,2542
Movie-1595,1497,913,581,2466
Movie-1596,2888,169,2735,1909
Movie-1597,1983,387,1676,1477
Movie-1598,2128,2075,1273,1111
Movie-1599,2575,2557,1884,1484
Movie-1600,2251,2165,421,566
Movie-1601,2609,977,1761,2644
Movie-1602,94,2022,1102,532
Movie-1603,721,2329,1756,695
Movie-1604,404,1495,983,1859
Movie-1605,1813,442,1513,2433
Movie-1606,22,2965,406,893
Movie-1607,1118,25,909,2452
Movie-1608,2571,1610,499,327
Movie-1609,216,2588,1795,1106
Movie-1610,247,1064,1059,803
Movie-1611,386,2349,775,26
Movie-1612,2694,2637,325,2368
Movie-1613,1390,2296,1508,2017
Movie-1614,2553,1863,567,2137
Movie-1615,239,2027,6,663
Movie-1616,2385,2941,2391,1434
Movie-1617,1225,559,1343,1899
Movie-1618,601,2137,2192,2430
Movie-1619,73,2007,1476,605
Movie-1620,831,732,668,1118
Movie-1621,2802,2646,1912,1020
Movie-1622,68,1178,1241,217
Movie-1623,2596,227,206,2125
Movie-1624,1527,646,1420,2262
Movie-1625,1572,2573,469,160
Movie-1626,2832,1420,1581,1028
Movie-1627,933,1749,2074,2366
Movie-1628,1851,674,1773,516
Movie-1629,227,2875,32,2262
Movie-1630,421,809,397,2442
Movie-1631,2100,773,1315,1446
Movie-1632,2288,508,331,707
Movie-1633,1723,60,2784,669
Movie-1634,956,2962,1174,2473
Movie-1635,2656,1786,2084,2432
Movie-1636,1365,2874,1097,2805
Movie-1637,2713,287,2365,2181
Movie-1638,1825,1231,2892,970
Movie-1639,2489,142,2221,862
Movie-1640,591,2160,697,1395
Movie-1641,1465,2686,2064,1237
Movie-1642,2789,1566,2591,2191
Movie-1643,543,481,2696,859
Movie-1644,1135,713,2674,1479
Movie-1645,1575,1283,2665,221
Movie-1646,2713,1316,1394,875
Movie-1647,1387,960,2609,2694
Movie-1648,1941,65,317,2173
Movie-1649,2898,2813,2133,845
Movie-1650,2218,1741,2891,92
Movie-1651,328,2113,1937,2717
Movie-1652,2676,427,652,2991
Movie-1653,841,440,2269,117
Movie-1654,2228,576,167,2031
Movie-1655,2260,562,1782,622
Movie-1656,1629,1634,1882,1465
Movie-1657,762,2761,1746,1471
Movie-1658,2515,2059,2175,2875
Movie-1659,1318,1334,2999,2457
Movie-1660,1701,1667,22,2922
Movie-1661,2432,978,460,1288
Movie-1662,735,1327,611,2446
Movie-1663,2325,2402,303,1648
Movie-1664,2207,1958,1066,1575
Movie-1665,1196,614,2204,2051
Movie-1666,505,2195,2467,1426
Movie-1667,426,590,2675,1941
Movie-1668,1067,109,2041,595
Movie-1669,1424,1419,1413,1574
Movie-1670,2198,963,2927,2597
Movie-1671,2938,1214,2498,2763
Movie-1672,2341,34,1987,1702
Movie-1673,321,2587,2685,1720
Movie-1674,1399,2943,1145,2406
Movie-1675,64,2790,2287,1228
Movie-1676,1711,622,170,2290
Movie-1677,2856,2287,2153,1302
Movie-1678,410,572,2684,245
Movie-1679,132,939,1371,63
Movie-1680,2741,1274,2415,992
Movie-1681,1936,1951,1387,1807
Movie-1682,2497,1033,137,1917
Movie-1683,2790,1525,37,812
Movie-1684,1664,2148,2963,1359
Movie-1685,268,2969,1810,1045
Movie-1686,475,94,1822,572
Movie-1687,2051,22,528,2387
Movie-1688,1502,235,2162,123
Movie-1689,2816,828,588,1324
Movie-1690,1285,2790,687,2039
Movie-1691,2039,1341,267,79
Movie-1692,283,2822,275,1467
Movie-1693,368,1389,2963,1780
Movie-1694,1514,125,1804,1195
Movie-1695,1211,853,1268,2620
Movie-1696,441,1036,1194,795
Movie-1697,1393,1721,358,2208
Movie-1698,928,37,185,2544
Movie-1699,1042,1416,949,2176
Movie-1700,1590,1800,963,784
Movie-1701,1823,1360,2141,221
Movie-1702,2368,926,1185,2447
Movie-1703,1201,2271,1630,2449
Movie-1704,659,2326,982,1890
Movie-1705,2886,1709,2268,2858
Movie-1706,2574,620,560,11
Movie-1707,2370,1950,909,1310
Movie-1708,774,2925,509,987
Movie-1709,1971,1807,1290,1650
Movie-1710,1281,1440,1467,1893
Movie-1711,2175,2055,2041,40
Movie-1712,2409,720,2437,584
Movie-1713,667,2196,69,1755
Movie-1714,2102,1219,776,248
Movie-1715,2755,2944,2816,1787
Movie-1716,2143,2117,1353,2191
Movie-1717,2410,1701,1038,2051
Movie-1718,170,524,899,1675
Movie-1719,82,818,1360,1910
Movie-1720,2849,2438,2232,905
Movie-1721,1843,236,854,2405
Movie-1722,1180,1655,2233,184
Movie-1723,2012,741,754,1421
Movie-1724,2951,2284,2254,2163
Movie-1725,18,1557,2958,2727
Movie-1726,1786,1669,2021,191
Movie-1727,1739,1760,8,711
Movie-1728,328,1536,811,873
Movie-1729,430,49,222,890
Movie-1730,2461,1535,2750,2890
Movie-1731,2475,481,1976,265
Movie-1732,319,389,919,1450
Movie-1733,1558,143,976,98
Movie-1734,2981,35,448,2808
Movie-1735,1613,169,1698,315
Movie-1736,2786,702,1366,2774
Movie-1737,2813,477,403,25
Movie-1738,2700,2922,2013,2013
Movie-1739,2977,2144,2274,258
Movie-1740,2265,1714,1013,1070
Movie-1741,2802,2325,2949,2784
Movie-1742,922,2962,1387,2365
Movie-1743,637,2006,310,630
Movie-1744,506,948,125,1550
Movie-1745,114,2913,2893,2284
Movie-1746,1407,1356,1373,1504
Movie-1747,9,391,1886,1078
Movie-1748,1247,2198,899,1824
Movie-1749,1229,1557,1031,820
Movie-1750,669,2083,1616,2309
Movie-1751,1935,420,1133,213
Movie-1752,2621,2204,987,944
Movie-1753,688,1909,1576,402
Movie-1754,2202,2399,1242,1973
Movie-1755,1792,350,1426,1862
Movie-1756,115,1031,1850,2532
Movie-1757,148,2441,2430,1894
Movie-1758,1539,1590,1574,1904
Movie-1759,860,2019,711,1430
Movie-1760,2256,31,1259,2041
Movie-1761,625,1668,1828,1440
Movie-1762,1497,131,1914,809
Movie-1763,26,378,2369,2852
Movie-1764,2896,1654,2366,2002
Movie-1765,2396,2231,189,1951
Movie-1766,2216,1664,1852,552
Movie-1767,1065,1898,1631,718
Movie-1768,1229,942,1927,1775
Movie-1769,570,1274,802,2459
Movie-1770,1902,2423,228,2695
Movie-1771,440,279,2735,1082
Movie-1772,2510,917,1269,2620
Movie-1773,1143,1996,362,2180
Movie-1774,2670,244,2764,779
Movie-1775,1507,1198,1196,1991
Movie-1776,523,1719,713,1995
Movie-1777,835,1189,1082,2928
Movie-1778,705,2875,2791,1539
Movie-1779,570,2380,2128,2920
Movie-1780,2944,1637,2178,2466
Movie-1781,2076,1154,2014,433
Movie-1782,2661,2382,473,2639
Movie-1783,1882,2861,73,1653
Movie-1784,2814,2027,528,1685
Movie-1785,1212,2032,265,2506
Movie-1786,577,441,1428,2910
Movie-1787,639,101,648,500
Movie-1788,2459,311,1115,2701
Movie-1789,1928,407,2072,764
Movie-1790,122,1215,610,1961
Movie-1791,2971,2249,1589,2147
Movie-1792,729,1969,2770,901
Movie-1793,2986,137,1524,2409
Movie-1794,2618,1869,1509,2211
Movie-1795,2138,1102,434,1986
Movie-1796,2174,1885,392,2790
Movie-1797,1239,1453,1993,2976
Movie-1798,144,1143,2345,944
Movie-1799,2701,719,565,1222
Movie-1800,1127,2341,1275,2132
Movie-1801,2155,2085,502,2255
Movie-1802,1858,2860,2033,1504
Movie-1803,2313,2870,430,667
Movie-1804,814,1364,2706,2817
Movie-1805,2961,1926,2036,1137
Movie-1806,619,2601,1461,2079
Movie-1807,17,2699,1772,2773
Movie-1808,1232,2142,1496,44
Movie-1809,1194,2263,2899,2003
Movie-1810,1077,2024,279,1051
Movie-1811,125,1162,1170,2413
Movie-1812,1230,2532,2931,1140
Movie-1813,2963,1827,2078,367
Movie-1814,697,1397,2253,1982
Movie-1815,1341,2888,2121,2680
Movie-1816,2669,2650,2068,2796
Movie-1817,1400,1851,2894,1146
Movie-1818,2981,1645,1998,2576
Movie-1819,2837,212,2236,1154
Movie-1820,2441,2741,2659,2988
Movie-1821,1883,2506,154,1083
Movie-1822,755,2978,1346,1827
Movie-1823,2268,2772,2363,983
Movie-1824,146,393,759,1832
Movie-1825,1794,2270,2541,443
Movie-1826,2738,2475,1620,2205
Movie-1827,2234,2713,141,2332
Movie-1828,2913,2447,2159,2531
Movie-1829,152,26,102,7
Movie-1830,2698,1049,2790,694
Movie-1831,1666,1554,2017,2114
Movie-1832,1505,1402,330,2736
Movie-1833,1658,2539,326,201
Movie-1834,1304,521,2287,2429
Movie-1835,217,155,1732,983
Movie-1836,2928,2022,701,2705
Movie-1837,2149,2217,771,605
Movie-1838,1576,2640,233,2043
Movie-1839,245,2906,1153,2580
Movie-1840,2098,1794,745,376
Movie-1841,1602,1129,175,2645
Movie-1842,1521,676,924,1021
Movie-1843,996,2219,1584,2593
Movie-1844,2809,1735,439,2033
Movie-1845,2489,2253,782,1865
Movie-1846,1099,2878,849,604
Movie-1847,1531,1439,638,833
Movie-1848,429,1013,1694,317
Movie-1849,2592,1572,1431,1948
Movie-1850,1297,406,2460,23
Movie-1851,2974,1771,224,117
Movie-1852,840,2013,1946,1734
Movie-1853,2140,2395,2899,325
Movie-1854,294,1184,653,782
Movie-1855,2326,2108,1339,2623
Movie-1856,1160,1736,1100,1563
Movie-1857,2678,169,1271,868
Movie-1858,1525,790,35,530
Movie-1859,2277,2619,650,337
Movie-1860,1997,453,1580,507
Movie-1861,2539,1394,540,302
Movie-1862,656,1674,747,1272
Movie-1863,2191,838,2576,2972
Movie-1864,119,2870,1556,2707
Movie-1865,1678,2823,2431,95
Movie-1866,151,626,2343,1536
Movie-1867,553,1899,712,1623
Movie-1868,2254,325,2411,558
Movie-1869,587,1801,232,2466
Movie-1870,1623,1921,2580,560
Movie-1871,1715,567,543,976
Movie-1872,910,852,2449,2690
Movie-1873,1993,414,675,277
Movie-1874,818,1581,2475,1253
Movie-1875,1239,2090,893,1884
Movie-1876,1172,478,2962,2556
Movie-1877,2742,2813,1121,1509
Movie-1878,120,1937,1414,948
Movie-1879,365,1148,2219,2305
Movie-1880,1776,794,1699,2048
Movie-1881,1005,2634,1572,1966
Movie-1882,1314,1480,1722,1919
Movie-1883,2411,269,2937,2291
Movie-1884,2544,1293,845,2458
Movie-1885,2257,166,2544,1620
Movie-1886,1866,1243,1837,2736
Movie-1887,1237,2446,1983,632
Movie-1888,1070,110,1875,930
Movie-1889,624,2910,1199,2342
Movie-1890,1864,833,2734,1719
Movie-1891,10,2964,2871,651
Movie-1892,1016,2666,1724,1402
Movie-1893,2587,1780,2863,997
Movie-1894,2915,1392,175,2925
Movie-1895,661,653,2053,701
Movie-1896,744,1133,2063,1903
Movie-1897,1519,881,652,653
Movie-1898,899,8,1799,1850
Movie-1899,785,1469,576,1366
Movie-1900,997,2024,173,2738
Movie-1901,1195,2917,778,2428
Movie-1902,1734,822,544,395
Movie-1903,1613,2038,1068,2035
Movie-1904,813,1165,1486,1985
Movie-1905,103,1926,1815,2132
Movie-1906,2368,262,1183,2923
Movie-1907,1712,1198,1802,2895
Movie-1908,2713,1892,2239,732
Movie-1909,2230,2355,713,1511
Movie-1910,1706,2974,2820,457
Movie-1911,1688,2719,919,1460
Movie-1912,245,19,2978,1521
Movie-1913,237,1632,2685,636
Movie-1914,2070,700,2093,2447
Movie-1915,1734,2081,1823,693
Movie-1916,786,2877,2948,2211
Movie-1917,2483,10,1677,1997
Movie-1918,2086,2710,1413,2080
Movie-1919,1008,1987,867,924
Movie-1920,2377,2901,484,1016
Movie-1921,1786,618,993,684
Movie-1922,1032,2671,2909,268
Movie-1923,1050,1083,1612,330
Movie-1924,343,2467,2377,1059
Movie-1925,2405,816,2872,212
Movie-1926,736,1856,2548,2503
Movie-1927,735,100,715,1343
Movie-1928,968,2302,2857,140
Movie-1929,2830,2855,2662,1449
Movie-1930,199,2798,1015,1093
Movie-1931,205,2800,1462,1356
Movie-1932,527,2451,2661,2596
Movie-1933,983,1990,8,2584
Movie-1934,2105,1196,2632,1210
Movie-1935,938,1285,2817,1108
Movie-1936,585,974,2524,1379
Movie-1937,637,466,1596,75
Movie-1938,628,2192,2450,1492
Movie-1939,1246,461,1125,486
Movie-1940,2730,374,998,459
Movie-1941,1568,2731,2912,976
Movie-1942,1718,1382,794,2094
Movie-1943,1832,1102,2579,2666
Movie-1944,1202,2251,2305,895
Movie-1945,779,2100,1883,3000
Movie-1946,1144,2536,522,110
Movie-1947,2746,906,1498,2952
Movie-1948,2252,2356,944,2063
Movie-1949,2277,1244,632,957
Movie-1950,1892,697,519,2417
Movie-1951,776,1484,354,1608
Movie-1952,1815,2643,2444,1561
Movie-1953,2499,1872,1011,1884
Movie-1954,1261,1806,2709,1934
Movie-1955,1122,982,1279,2365
Movie-1956,1188,2683,857,271
Movie-1957,1794,2069,2192,1442
Movie-1958,1333,876,1054,2100
Movie-1959,2959,986,2569,1816
Movie-1960,1511,2734,1142,2913
Movie-1961,703,79,19,459
Movie-1962,1299,2547,1261,2877
Movie-1963,2515,1743,2009,1724
Movie-1964,441,1608,2636,2885
Movie-1965,926,1417,786,2296
Movie-1966,2410,121,550,614
Movie-1967,925,2148,1094,726
Movie-1968,1803,1567,2323,2837
Movie-1969,306,2621,2199,358
Movie-1970,1471,2625,2732,1306
Movie-1971,814,810,1202,1055
Movie-1972,1177,2054,1947,1562
Movie-1973,2703,1586,1758,1085
Movie-1974,1540,2622,982,2623
Movie-1975,1466,1530,2112,521
Movie-1976,2568,1380,1531,1142
Movie-1977,1827,1020,2315,311
Movie-1978,1261,404,2440,165
Movie-1979,2656,2694,679,2113
Movie-1980,457,2295,2038,1459
Movie-1981,2694,2447,1780,2383
Movie-1982,1433,2421,1495,2844
Movie-1983,2614,857,411,2494
Movie-1984,1680,1402,1006,2660
Movie-1985,1632,2744,1942,858
Movie-1986,2273,895,2004,2487
Movie-1987,2219,2081,1789,1897
Movie-1988,19,319,2631,1993
Movie-1989,1012,744,2640,839
Movie-1990,2148,2238,717,15
Movie-1991,2342,1292,2264,749
Movie-1992,2545,581,1998,2469
Movie-1993,1614,1578,537,2306
Movie-1994,1803,2917,2243,1389
Movie-1995,1642,458,2317,1396
Movie-1996,123,2450,1366,2308
Movie-1997,154,1148,2789,1597
Movie-1998,2831,1431,416,180
Movie-1999,810,929,813,2690
Movie-2000,2228,760,2184,880
Movie-2001,2527,2513,653,1201
Movie-2002,1930,2993,1529,1672
Movie-2003,1128,2055,1040,1111
Movie-2004,1890,1556,1507,971
Movie-2005,777,4,2254,190
Movie-2006,2305,2708,2590,1999
Movie-2007,870,2116,1246,1650
Movie-2008,2960,470,2461,2294
Movie-2009,2148,835,1385,2990
Movie-2010,1363,2783,1761,2613
Movie-2011,653,2503,1419,1826
Movie-2012,2495,2947,598,174
Movie-2013,502,1824,127,2597
Movie-2014,1989,2931,2113,623
Movie-2015,2324,782,1181,2231
Movie-2016,1192,1664,1962,2889
Movie-2017,40,1841,1931,896
Movie-2018,692,843,1025,560
Movie-2019,543,2127,2599,2047
Movie-2020,2334,1585,969,306
Movie-2021,1740,1340,2426,124
Movie-2022,1872,766,728,412
Movie-2023,500,2345,2648,981
Movie-2024,1373,1842,2879,320
Movie-2025,1846,256,9,1779
Movie-2026,2985,432,2526,2877
Movie-2027,2782,1261,463,1020
Movie-2028,1118,213,2961,234
Movie-2029,2181,1805,535,1637
Movie-2030,2106,544,2405,502
Movie-2031,246,327,1659,517
Movie-2032,1769,460,131,552
Movie-2033,2459,733,478,650
Movie-2034,614,2156,964,2134
Movie-2035,814,2273,2328,1332
Movie-2036,439,2507,2132,2800
Movie-2037,1344,1565,5,2494
Movie-2038,297,2529,2001,1272
Movie-2039,1264,1316,1887,292
Movie-2040,1991,771,1690,30
Movie-2041,1828,461,231,1233
Movie-2042,2621,1641,1113,329
Movie-2043,2386,2120,1054,1901
Movie-2044,1003,1321,1273,2939
Movie-2045,1188,123,119,2409
Movie-2046,758,1589,1855,844
Movie-2047,363,2483,1275,2070
Movie-2048,1492,21,2771,2548
Movie-2049,53,2223,1044,2498
Movie-2050,890,1343,128,1713
Movie-2051,1673,2217,1239,562
Movie-2052,2718,579,2255,1094
Movie-2053,1623,2280,129,2417
Movie-2054,1453,2356,1216,1285
Movie-2055,812,966,1786,954
Movie-2056,678,2728,85,1899
Movie-2057,1752,2845,1758,989
Movie-2058,1078,1475,1339,387
Movie-2059,892,1661,2412,1228
Movie-2060,815,2826,858,627
Movie-2061,1662,856,713,1723
Movie-2062,2674,301,605,4
Movie-2063,1084,336,1410,177
Movie-2064,2601,1699,2733,2709
Movie-2065,1798,921,1088,1045
Movie-2066,2011,1596,302,1253
Movie-2067,307,349,1770,688
Movie-2068,2516,754,2499,2955
Movie-2069,1947,1215,2040,901
Movie-2070,911,1693,688,2500
Movie-2071,321,1847,2301,720
Movie-2072,1713,73,2824,2738
Movie-2073,178,658,2409,2371
Movie-2074,1566,828,299,2592
Movie-2075,1202,1620,857,1584
Movie-2076,266,2203,1914,1957
Movie-2077,2036,1971,2335,855
Movie-2078,404,3000,2813,2837
Movie-2079,2011,2418,238,298
Movie-2080,2996,2146,2314,2296
Movie-2081,1293,504,2297,1154
Movie-2082,642,976,871,1136
Movie-2083,1320,7,1701,2427
Movie-2084,771,289,2502,1581
Movie-2085,1631,2774,2580,2128
Movie-2086,223,532,2007,2934
Movie-2087,1880,1969,1084,1966
Movie-2088,1704,447,1893,2028
Movie-2089,380,1772,2965,1120
Movie-2090,62,2273,1038,930
Movie-2091,1385,2532,788,2347
Movie-2092,788,249,266,1726
Movie-2093,930,2298,1123,987
Movie-2094,1047,677,981,1962
Movie-2095,2639,171,2856,1876
Movie-2096,4,802,2091,530
Movie-2097,2532,1651,1071,782
Movie-2098,820,1073,2746,1399
Movie-2099,1319,673,2348,829
Movie-2100,2819,1839,222,2885
Movie-2101,1883,257,1687,1105
Movie-2102,637,1278,1963,2222
Movie-2103,2692,2672,2894,410
Movie-2104,1385,445,644,2519
Movie-2105,1393,1511,951,905
Movie-2106,411,1773,2202,334
Movie-2107,579,1817,2753,2862
Movie-2108,1144,580,1423,765
Movie-2109,1049,1936,1891,2261
Movie-2110,1739,1140,449,2012
Movie-2111,2334,5,1197,2969
Movie-2112,2196,1995,247,1760
Movie-2113,2479,1038,2576,1890
Movie-2114,1533,1120,1812,656
Movie-2115,731,667,2755,1635
Movie-2116,1380,1369,226,1236
Movie-2117,1822,1770,943,2115
Movie-2118,2432,990,2238,1150
Movie-2119,983,1915,2210,2952
Movie-2120,715,2595,204,1823
Movie-2121,2371,2786,1752,1018
Movie-2122,178,1523,293,2223
Movie-2123,1829,1244,1233,1233
Movie-2124,508,2718,2002,1468
Movie-2125,735,1560,2832,1506
Movie-2126,300,671,1680,1831
Movie-2127,1984,182,1833,1672
Movie-2128,1144,1420,1787,2154
Movie-2129,219,704,1515,1156
Movie-2130,1843,2871,2358,2612
Movie-2131,2946,747,1272,1613
Movie-2132,878,1483,1331,1402
Movie-2133,1511,2736,366,1813
Movie-2134,1939,838,675,1587
Movie-2135,2302,653,933,1864
Movie-2136,1398,2235,2238,1880
Movie-2137,1976,875,1367,2798
Movie-2138,1902,503,2619,2705
Movie-2139,2696,2249,2531,782
Movie-2140,2004,913,1538,685
Movie-2141,945,797,49,506
Movie-2142,2903,909,1617,298
Movie-2143,2629,1218,2645,2813
Movie-2144,201,1215,86,995
Movie-2145,912,2450,1971,587
Movie-2146,2802,320,1758,334
Movie-2147,2584,1944,2946,1798
Movie-2148,1072,1432,244,2602
Movie-2149,2407,1930,2944,1883
Movie-2150,2009,1863,630,189
Movie-2151,2219,401,321,1303
Movie-2152,444,2497,2188,2533
Movie-2153,2627,2400,2752,599
Movie-2154,1967,2269,1024,733
Movie-2155,2653,2586,2084,1696
Movie-2156,1873,447,31,1071
Movie-2157,923,2975,1510,1329
Movie-2158,2895,1613,2119,1788
Movie-2159,2287,2124,1900,2767
Movie-2160,664,309,292,1934
Movie-2161,1699,1453,948,2971
Movie-2162,441,1870,2960,1319
Movie-2163,1540,1576,2304,2634
Movie-2164,614,2952,2979,1124
Movie-2165,376,1750,2076,2387
Movie-2166,2288,1502,1656,2090
Movie-2167,1947,974,2013,2830
Movie-2168,916,166,2895,1163
Movie-2169,2042,2910,799,2990
Movie-2170,2135,2859,2299,635
Movie-2171,2268,2115,2547,1187
Movie-2172,1633,2114,2761,1503
Movie-2173,838,740,725,2380
Movie-2174,186,188,1801,880
Movie-2175,1798,2290,2903,59
Movie-2176,2050,2848,1702,830
Movie-2177,255,719,695,2396
Movie-2178,2293,709,2220,1115
Movie-2179,2749,1471,2391,1110
Movie-2180,2613,560,789,2343
Movie-2181,2922,799,1416,104
Movie-2182,864,1888,394,2076
Movie-2183,1766,1391,1691,1376
Movie-2184,916,1624,451,1150
Movie-2185,2627,1189,1438,293
Movie-2186,2617,2063,904,628
Movie-2187,670,129,2231,1933
Movie-2188,930,1387,999,379
Movie-2189,102,2086,444,2171
Movie-2190,2238,1700,1967,1281
Movie-2191,1110,1865,2544,2152
Movie-2192,1275,2401,1985,1416
Movie-2193,1105,2863,611,408
Movie-2194,760,1317,602,519
Movie-2195,2402,2492,2203,732
Movie-2196,2551,426,1448,917
Movie-2197,2266,207,543,2006
Movie-2198,2185,559,2468,1166
Movie-2199,325,1847,2314,861
Movie-2200,2056,801,2168,2395
Movie-2201,698,1851,1702,1554
Movie-2202,2008,1464,506,701
Movie-2203,210,1731,2873,2656
Movie-2204,765,276,964,909
Movie-2205,2820,378,2054,2083
Movie-2206,392,1992,813,1008
Movie-2207,230,2073,166,1335
Movie-2208,979,2941,180,406
Movie-2209,246,2936,1357,1942
Movie-2210,565,1237,458,664
Movie-2211,434,1467,1165,2922
Movie-2212,1661,805,916,1465
Movie-2213,312,2209,161,818
Movie-2214,270,1237,1933,2425
Movie-2215,1434,2828,2736,2729
Movie-2216,2474,232,452,585
Movie-2217,1739,2706,1133,2550
Movie-2218,368,1232,2218,2294
Movie-2219,2580,2311,1545,2867
Movie-2220,1639,460,1816,641
Movie-2221,1244,2467,1270,751
Movie-2222,890,946,1644,2378
Movie-2223,1779,2378,2481,545
Movie-2224,2580,2397,2791,2052
Movie-2225,808,2173,2111,1830
Movie-2226,628,2521,1391,1074
Movie-2227,708,855,1893,1935
Movie-2228,2736,1051,548,520
Movie-2229,1492,2756,990,453
Movie-2230,1767,382,363,92
Movie-2231,2966,1516,37,1596
Movie-2232,557,1119,2698,2976
Movie-2233,2719,661,1212,1490
Movie-2234,1304,2960,331,1940
Movie-2235,712,759,2635,1899
Movie-2236,2800,1318,1439,1034
Movie-2237,1476,2449,357,1469
Movie-2238,1239,420,822,2560
Movie-2239,770,1755,2263,797
Movie-2240,1066,2322,1667,2033
Movie-2241,1181,1824,1106,682
Movie-2242,883,1141,405,1478
Movie-2243,346,2811,625,1139
Movie-2244,1980,1251,2522,6
Movie-2245,1588,2340,1367,1180
Movie-2246,1798,636,271,45
Movie-2247,1063,2346,563,155
Movie-2248,1136,1960,1307,2003
Movie-2249,526,2494,2018,106
Movie-2250,2583,75,1822,834
Movie-2251,702,2057,87,2763
Movie-2252,2470,2764,1700,2606
Movie-2253,1701,1712,420,1419
Movie-2254,1331,2133,1451,1805
Movie-2255,1039,1360,885,1420
Movie-2256,2823,2104,2254,2379
Movie-2257,11,2923,2188,1121
Movie-2258,2472,709,2523,2580
Movie-2259,2672,1570,193,2455
Movie-2260,1691,1852,1039,1294
Movie-2261,486,87,2226,2084
Movie-2262,2122,2532,2481,2693
Movie-2263,1645,2377,2001,707
Movie-2264,2807,2989,160,1393
Movie-2265,1884,1557,2107,1242
Movie-2266,195,61,2470,2285
Movie-2267,2673,720,175,36
Movie-2268,629,650,1560,2246
Movie-2269,572,534,2756,2406
Movie-2270,2781,2835,1892,917
Movie-2271,96,632,242,1693
Movie-2272,237,1443,2517,501
Movie-2273,1157,794,1523,2221
Movie-2274,340,2414,2994,2403
Movie-2275,2713,361,2887,1456
Movie-2276,2788,2476,702,857
Movie-2277,2772,392,497,2303
Movie-2278,2957,2014,1456,2347
Movie-2279,1756,1440,1963,2070
Movie-2280,114,791,293,902
Movie-2281,1566,502,164,2198
Movie-2282,1762,1153,1263,2200
Movie-2283,811,2552,1278,2201
Movie-2284,58,1708,876,2120
Movie-2285,1754,1463,2120,2191
Movie-2286,2466,2077,1059,1639
Movie-2287,2473,293,1672,478
Movie-2288,709,1953,1886,920
Movie-2289,801,1251,1890,2601
Movie-2290,2654,1868,2666,1776
Movie-2291,2267,1446,81,2157
Movie-2292,984,2404,1605,1292
Movie-2293,1038,2150,926,951
Movie-2294,2867,2308,1581,538
Movie-2295,714,813,431,2398
Movie-2296,2477,342,2803,2103
Movie-2297,1150,505,1246,2613
Movie-2298,1754,1178,1857,1765
Movie-2299,1341,2766,847,2160
Movie-2300,323,2138,2938,1109
Movie-2301,1333,2297,2836,311
Movie-2302,640,1065,8,410
Movie-2303,394,2227,2454,199
Movie-2304,1435,1164,1673,1979
Movie-2305,2332,564,1988,2130
Movie-2306,1029,1334,2969,735
Movie-2307,2098,2102,1571,1645
Movie-2308,956,2830,1952,2100
Movie-2309,2844,1940,2269,2380
Movie-2310,133,647,2025,28
Movie-2311,615,1637,2431,103
Movie-2312,239,1616,2501,69
Movie-2313,964,2803,1542,990
Movie-2314,2615,854,814,1624
Movie-2315,333,705,2472,1868
Movie-2316,378,185,1078,2207
Movie-2317,849,2426,1044,409
Movie-2318,1091,621,1371,442
Movie-2319,1859,2894,2204,809
Movie-2320,2691,237,2406,1443
Movie-2321,204,99,164,181
Movie-2322,1248,736,810,1338
Movie-2323,34,591,1723,2226
Movie-2324,413,1927,2836,1042
Movie-2325,144,1448,1843,1678
Movie-2326,1747,1349,2958,1493
Movie-2327,2470,629,1880,2239
Movie-2328,302,71,394,1029
Movie-2329,2848,432,832,1055
Movie-2330,118,2073,587,1331
Movie-2331,1096,321,890,1679
Movie-2332,299,2109,2967,1481
Movie-2333,1921,1916,2687,2333
Movie-2334,1584,1513,722,201
Movie-2335,2597,2110,2453,689
Movie-2336,1870,2754,1651,2097
Movie-2337,788,392,704,2768
Movie-2338,2899,1937,794,2737
Movie-2339,2306,1662,2349,195
Movie-2340,842,1981,1426,782
Movie-2341,1652,2799,2936,354
Movie-2342,2445,1652,186,1850
Movie-2343,1441,2950,2511,133
Movie-2344,2657,174,196,394
Movie-2345,976,2594,72,1508
Movie-2346,1100,1649,1839,1449
Movie-2347,2564,1317,2172,1804
Movie-2348,1735,66,2630,1506
Movie-2349,112,2408,1485,60
Movie-2350,1858,1395,2493,1573
Movie-2351,47,2517,87,1502
Movie-2352,600,1796,1878,796
Movie-2353,1235,1568,1997,596
Movie-2354,2947,1601,1463,2174
Movie-2355,1688,1597,517,2861
Movie-2356,1986,1323,398,12
Movie-2357,867,2282,2518,593
Movie-2358,2766,1670,853,1765
Movie-2359,2426,1873,591,2032
Movie-2360,2452,1016,219,694
Movie-2361,1727,1296,143,459
Movie-2362,93,1963,861,2213
Movie-2363,537,2574,2006,275
Movie-2364,1162,2431,2708,2949
Movie-2365,1657,2531,2371,1723
Movie-2366,372,2996,1517,1092
Movie-2367,465,2206,267,1682
Movie-2368,2211,1231,386,598
Movie-2369,2921,2762,2214,1938
Movie-2370,1267,278,1669,2887
Movie-2371,2741,2864,1964,2405
Movie-2372,550,999,269,2709
Movie-2373,721,494,2017,1817
Movie-2374,2612,1835,222,2986
Movie-2375,489,165,2120,1650
Movie-2376,135,2307,1763,1431
Movie-2377,1995,839,1632,1060
Movie-2378,1987,2424,2838,1549
Movie-2379,2112,2119,1112,1553
Movie-2380,91,1954,1778,1679
Movie-2381,2952,1802,1674,276
Movie-2382,947,638,1519,1292
Movie-2383,1083,2554,859,2495
Movie-2384,823,2869,2888,2700
Movie-2385,2790,1709,1807,1307
Movie-2386,287,2790,1652,404
Movie-2387,503,1088,2974,73
Movie-2388,2031,454,880,2180
Movie-2389,1399,1122,154,1124
Movie-2390,810,873,921,2359
Movie-2391,2196,1766,155,1020
Movie-2392,471,2314,1775,1116
Movie-2393,2400,1360,515,378
Movie-2394,1932,633,2250,1258
Movie-2395,1394,371,1621,1890
Movie-2396,407,635,2648,1773
Movie-2397,1935,899,977,2252
Movie-2398,1418,2472,1880,112
Movie-2399,150,929,2301,552
Movie-2400,2370,2998,328,855
Movie-2401,482,2397,685,2273
Movie-2402,1463,2649,572,1719
Movie-2403,2621,854,988,1321
Movie-2404,1237,1677,2249,130
Movie-2405,1159,1696,949,39
Movie-2406,2740,2992,2250,3
Movie-2407,1786,1850,2167,988
Movie-2408,397,2229,1790,1526
Movie-2409,34,613,1977,2054
Movie-2410,1184,2141,2929,18
Movie-2411,1691,487,2780,2797
Movie-2412,930,1302,2270,84
Movie-2413,2160,1364,2147,2721
Movie-2414,1759,1377,877,1165
Movie-2415,2055,1934,794,122
Movie-2416,2518,200,1905,210
Movie-2417,2771,874,2174,2717
Movie-2418,748,305,1283,166
Movie-2419,2463,2508,1282,1016
Movie-2420,2169,753,2313,2094
Movie-2421,20,2285,1606,645
Movie-2422,1174,1925,855,1853
Movie-2423,75,1159,1126,435
Movie-2424,2216,171,1586,951
Movie-2425,1784,2534,2909,2088
Movie-2426,2229,2097,1578,390
Movie-2427,1233,2209,610,2507
Movie-2428,793,2042,1273,2799
Movie-2429,458,2874,2618,22
Movie-2430,1004,581,944,2204
Movie-2431,1175,1057,267,2065
Movie-2432,2670,1014,725,233
Movie-2433,2573,2995,37,2926
Movie-2434,2569,2000,2461,1128
Movie-2435,2,550,1857,2289
Movie-2436,878,2469,803,1280
Movie-2437,834,1699,947,1039
Movie-2438,2184,695,2852,2002
Movie-2439,1277,2165,1209,524
Movie-2440,826,372,1742,843
Movie-2441,1885,2731,1558,1932
Movie-2442,2418,1765,1276,303
Movie-2443,2683,1673,1773,2170
Movie-2444,697,2396,1308,984
Movie-2445,2702,2166,511,1367
Movie-2446,385,1951,1020,2624
Movie-2447,72,2296,625,807
Movie-2448,2872,997,330,782
Movie-2449,1846,120,2550,279
Movie-2450,2470,2996,1190,280
Movie-2451,2733,102,648,2806
Movie-2452,2924,1651,2311,20
Movie-2453,509,2623,476,1308
Movie-2454,1907,1215,1696,824
Movie-2455,1115,2912,440,2250
Movie-2456,98,1269,846,1913
Movie-2457,1434,2191,105,2128
Movie-2458,1773,2881,2581,568
Movie-2459,1037,919,1090,1211
Movie-2460,2878,911,2031,1264
Movie-2461,2165,928,1228,2946
Movie-2462,1075,449,1051,2662
Movie-2463,1715,2914,2915,2336
Movie-2464,2678,580,155,1999
Movie-2465,2671,1166,105,1925
Movie-2466,1263,461,2605,2493
Movie-2467,2664,1923,2472,443
Movie-2468,596,420,1660,936
Movie-2469,2601,649,333,1495
Movie-2470,626,951,199,882
Movie-2471,2245,1944,555,2215
Movie-2472,1595,2097,1367,1282
Movie-2473,870,2829,2784,105
Movie-2474,2027,88,1316,2284
Movie-2475,2390,1187,1915,213
Movie-2476,2033,1459,1361,453
Movie-2477,1341,787,2766,1260
Movie-2478,1817,1332,2505,80
Movie-2479,2031,327,16,1525
Movie-2480,2696,294,1379,2513
Movie-2481,417,476,159,1434
Movie-2482,985,1515,2016,89
Movie-2483,300,1701,2480,2352
Movie-2484,59,836,1767,2236
Movie-2485,1217,1595,1281,271
Movie-2486,1247,419,1543,2694
Movie-2487,2945,811,405,1100
Movie-2488,2928,405,732,1925
Movie-2489,2156,2734,2099,2779
Movie-2490,1067,2001,302,170
Movie-2491,1108,95,2489,367
Movie-2492,2467,115,2760,2020
Movie-2493,2501,822,2511,1773
Movie-2494,219,2310,281,1212
Movie-2495,2091,613,2850,2172
Movie-2496,1932,342,2660,810
Movie-2497,2422,1292,1482,789
Movie-2498,837,2249,1183,1765
Movie-2499,1174,1593,2868,2940
Movie-2500,2386,2274,542,194
Movie-2501,1899,467,1445,1369
Movie-2502,2474,543,1122,642
Movie-2503,1883,2319,504,2513
Movie-2504,523,1276,805,1990
Movie-2505,251,2557,2191,2551
Movie-2506,1679,612,2640,2887
Movie-2507,2485,679,1795,1257
Movie-2508,715,199,1585,2825
Movie-2509,288,2532,260,1767
Movie-2510,2285,1310,2337,1543
Movie-2511,1766,1953,41,2643
Movie-2512,1377,2668,2345,668
Movie-2513,2284,388,1488,849
Movie-2514,2536,2421,417,1245
Movie-2515,677,2890,2171,2198
Movie-2516,1111,2821,471,1088
Movie-2517,60,467,2562,247
Movie-2518,1046,1590,2438,757
Movie-2519,1090,2558,1654,675
Movie-2520,415,378,1640,1358
Movie-2521,1137,1442,248,32
Movie-2522,499,1564,1928,1459
Movie-2523,1575,2321,608,1861
Movie-2524,472,2808,1739,2008
Movie-2525,2615,925,2171,58
Movie-2526,219,2702,85,2896
Movie-2527,960,281,805,383
Movie-2528,1903,1893,2850,2774
Movie-2529,260,2020,1832,2452
Movie-2530,685,723,2595,580
Movie-2531,385,1588,2039,2591
Movie-2532,1456,2680,753,2632
Movie-2533,79,953,1576,818
Movie-2534,1143,1379,685,2126
Movie-2535,2905,2910,2105,1569
Movie-2536,851,2304,1177,2291
Movie-2537,2860,2598,2599,1183
Movie-2538,1577,2361,2845,752
Movie-2539,362,2630,2870,1692
Movie-2540,968,2909,774,1582
Movie-2541,612,440,635,1396
Movie-2542,732,26,1013,2283
Movie-2543,948,650,869,890
Movie-2544,961,150,537,615
Movie-2545,2745,2417,1318,1056
Movie-2546,2883,2603,531,328
Movie-2547,1394,2521,1859,2396
Movie-2548,738,1297,2301,644
Movie-2549,1952,2947,2563,2817
Movie-2550,1359,2798,1017,1221
Movie-2551,570,211,144,2583
Movie-2552,1420,2225,2847,1259
Movie-2553,680,2421,545,1734
Movie-2554,919,2593,207,308
Movie-2555,2803,419,513,1737
Movie-2556,816,1416,1304,1219
Movie-2557,2798,146,1161,124
Movie-2558,1461,183,398,2535
Movie-2559,1226,911,2983,1778
Movie-2560,951,2311,2829,1405
Movie-2561,2113,360,1061,817
Movie-2562,1277,1438,1633,123
Movie-2563,1494,727,1478,2369
Movie-2564,1072,1904,1176,2856
Movie-2565,185,1528,2915,2045
Movie-2566,2440,1334,2865,939
Movie-2567,2083,2588,1189,2654
Movie-2568,2257,2435,533,2033
Movie-2569,795,2056,382,2763
Movie-2570,511,244,2165,302
Movie-2571,695,201,1175,1505
Movie-2572,972,2498,2971,2413
Movie-2573,1882,2499,2480,1642
Movie-2574,1298,2156,1729,471
Movie-2575,1603,2367,1204,2446
Movie-2576,2548,2480,928,1609
Movie-2577,2799,1551,19,1740
Movie-2578,953,2694,2040,1387
Movie-2579,1355,593,1214,86
Movie-2580,1793,910,2836,1866
Movie-2581,290,68,828,116
Movie-2582,1888,2528,2567,2437
Movie-2583,2207,2112,122,2597
Movie-2584,1321,1740,1173,29
Movie-2585,2596,44,2258,348
Movie-2586,725,2609,1286,504
Movie-2587,1543,2017,969,1263
Movie-2588,293,2130,1889,2443
Movie-2589,300,1667,693,1495
Movie-2590,2297,284,2381,905
Movie-2591,1302,2079,2558,1766
Movie-2592,2525,2005,2698,2322
Movie-2593,202,2884,2809,695
Movie-2594,102,107,904,2446
Movie-2595,187,638,1804,1769
Movie-2596,2093,2698,1784,2704
Movie-2597,1996,1936,1302,2025
Movie-2598,2816,1412,831,2576
Movie-2599,1179,500,434,2752
Movie-2600,574,1488,2090,1096
Movie-2601,2177,2831,1833,2455
Movie-2602,583,594,1434,1510
Movie-2603,1415,2138,615,430
Movie-2604,1351,2070,442,1105
Movie-2605,865,2263,915,1834
Movie-2606,1196,103,1893,2263
Movie-2607,873,714,1537,693
Movie-2608,1784,2020,1722,635
Movie-2609,2190,126,2865,80
Movie-2610,2039,2431,2177,2225
Movie-2611,1779,2898,621,111
Movie-2612,460,2148,863,268
Movie-2613,1321,2650,2913,625
Movie-2614,864,1481,1866,1280
Movie-2615,841,2122,2181,264
Movie-2616,1932,2023,70,2436
Movie-2617,1839,331,2315,782
Movie-2618,2334,838,2732,2773
Movie-2619,307,1966,332,1645
Movie-2620,25,472,1313,2237
Movie-2621,510,494,239,745
Movie-2622,1902,2876,637,1610
Movie-2623,337,66,1632,161
Movie-2624,1397,1569,155,1089
Movie-2625,2284,1403,611,370
Movie-2626,1831,1443,1387,2261
Movie-2627,888,435,485,639
Movie-2628,795,1002,1333,1960
Movie-2629,1395,638,2254,1071
Movie-2630,2043,979,1823,981
Movie-2631,2988,2428,633,922
Movie-2632,1386,2492,2728,409
Movie-2633,1193,906,1545,451
Movie-2634,2992,1165,55,2879
Movie-2635,1969,2898,973,157
Movie-2636,1659,2042,1873,2505
Movie-2637,1465,2772,2017,345
Movie-2638,2912,2630,2807,2463
Movie-2639,2014,1506,2674,1344
Movie-2640,2655,1597,889,1304
Movie-2641,1620,1131,2622,701
Movie-2642,2180,1919,985,1879
Movie-2643,470,2268,862,2445
Movie-2644,2048,636,2528,89
Movie-2645,359,2089,460,1476
Movie-2646,530,16,1923,1382
Movie-2647,650,499,1439,1364
Movie-2648,675,1561,371,2253
Movie-2649,1241,1726,2747,1609
Movie-2650,609,299,44,1290
Movie-2651,1142,557,734,40
Movie-2652,1853,1046,994,471
Movie-2653,1719,1633,1996,271
Movie-2654,1274,112,1533,2390
Movie-2655,2008,2070,49,2148
Movie-2656,1025,506,1743,1302
Movie-2657,239,345,672,377
Movie-2658,1932,1301,2894,1357
Movie-2659,815,2250,1081,263
Movie-2660,1062,1285,1964,420
Movie-2661,452,475,2612,1034
Movie-2662,357,1440,2098,1503
Movie-2663,1775,2073,2517,705
Movie-2664,579,2043,2734,2494
Movie-2665,1826,2696,1016,2564
Movie-2666,107,1015,375,2342
Movie-2667,2495,13,1305,852
Movie-2668,2576,2150,2220,985
Movie-2669,669,2442,64,1263
Movie-2670,2275,1447,1149,2074
Movie-2671,1051,1929,2924,2519
Movie-2672,763,828,1306,329
Movie-2673,2583,1001,2654,1101
Movie-2674,2550,1740,1274,119
Movie-2675,818,620,2434,1788
Movie-2676,2608,1351,1799,895
Movie-2677,1804,1017,1579,203
Movie-2678,1020,2270,2509,1719
Movie-2679,679,374,2310,2389
Movie-2680,2382,1181,1246,1841
Movie-2681,673,653,727,1183
Movie-2682,823,2838,2582,2609
Movie-2683,993,2930,1830,2512
Movie-2684,2088,1343,868,1167
Movie-2685,245,2312,1971,2773
Movie-2686,114,855,1899,2111
Movie-2687,1625,1928,2387,1203
Movie-2688,1557,2874,2744,573
Movie-2689,1417,1662,2704,2461
Movie-2690,899,1532,2388,2050
Movie-2691,1862,1741,2014,1245
Movie-2692,1999,2165,1116,1171
Movie-2693,1048,2936,20,916
Movie-2694,2463,1580,2261,2245
Movie-2695,1599,1658,2759,351
Movie-2696,169,940,1830,1326
Movie-2697,1466,760,1865,986
Movie-2698,2079,2601,2477,944
Movie-2699,1408,502,2354,1258
Movie-2700,1391,721,2614,1274
Movie-2701,2047,2558,1263,1442
Movie-2702,1331,766,2472,2606
Movie-2703,5,1996,1861,2302
Movie-2704,2619,2610,90,2967
Movie-2705,669,1874,194,864
Movie-2706,2166,40,450,357
Movie-2707,526,1621,2151,1019
Movie-2708,776,724,949,870
Movie-2709,2745,427,2672,2421
Movie-2710,1949,1142,2444,1794
Movie-2711,1158,2410,1829,2295
Movie-2712,705,2757,978,2384
Movie-2713,731,815,1326,559
Movie-2714,975,793,2076,1371
Movie-2715,169,2558,904,2783
Movie-2716,1696,1452,15,1545
Movie-2717,765,357,831,506
Movie-2718,1269,2657,1167,864
Movie-2719,2773,940,1857,2154
Movie-2720,1527,1911,1872,1194
Movie-2721,1230,1553,822,1399
Movie-2722,569,41,1472,1635
Movie-2723,2006,2213,1352,1475
Movie-2724,1984,1250,2738,811
Movie-2725,1706,2938,534,1446
Movie-2726,1164,2245,2024,2609
Movie-2727,977,1429,2451,2028
Movie-2728,802,2816,121,1241
Movie-2729,96,512,1550,290
Movie-2730,150,658,319,1492
Movie-2731,87,630,942,2539
Movie-2732,2454,366,2150,187
Movie-2733,2575,548,52,2214
Movie-2734,1428,765,415,2404
Movie-2735,972,967,281,2613
Movie-2736,253,2921,373,811
Movie-2737,655,1394,2732,1917
Movie-2738,1419,411,2455,773
Movie-2739,739,1739,2034,2817
Movie-2740,2919,2990,2221,1653
Movie-2741,2735,1149,567,2449
Movie-2742,2633,358,2418,2431
Movie-2743,1342,60,1387,1522
Movie-2744,1142,2813,2803,463
Movie-2745,181,1719,1430,2011
Movie-2746,2774,509,2231,2885
Movie-2747,1725,2319,2455,1685
Movie-2748,2541,1740,2504,820
Movie-2749,1971,683,970,1526
Movie-2750,2851,2192,1871,87
Movie-2751,2197,957,908,1914
Movie-2752,1505,1785,326,2158
Movie-2753,1114,664,364,1666
Movie-2754,2082,2083,359,1286
Movie-2755,1286,2685,1830,2288
Movie-2756,1908,2765,1567,122
Movie-2757,1304,792,2689,1782
Movie-2758,2031,340,803,1444
Movie-2759,1575,2061,2783,1485
Movie-2760,2684,2983,1695,227
Movie-2761,663,2508,652,1396
Movie-2762,1028,1651,529,1950
Movie-2763,2164,1066,448,2077
Movie-2764,2608,2019,1765,1412
Movie-2765,2293,809,1349,2344
Movie-2766,2952,18,1457,1799
Movie-2767,1126,2694,1633,2785
Movie-2768,2239,2980,1970,1708
Movie-2769,2047,2795,2259,1742
Movie-2770,1955,2151,167,817
Movie-2771,2683,1711,1992,2427
Movie-2772,2509,2667,554,2063
Movie-2773,2842,381,1802,1527
Movie-2774,2497,2601,1683,846
Movie-2775,1613,1201,342,2624
Movie-2776,160,671,720,121
Movie-2777,2933,758,1438,1146
Movie-2778,883,2436,265,915
Movie-2779,2683,1779,2882,1530
Movie-2780,637,2331,1554,2626
Movie-2781,2468,1582,2955,779
Movie-2782,1143,2688,377,2030
Movie-2783,1906,528,853,2658
Movie-2784,2637,443,1933,598
Movie-2785,2419,1710,2547,2397
Movie-2786,2747,298,2252,1176
Movie-2787,1583,2759,461,2558
Movie-2788,1783,1956,250,2584
Movie-2789,1218,897,2002,96
Movie-2790,1760,1033,1592,1120
Movie-2791,1282,1064,1974,2196
Movie-2792,1485,1928,2757,1525
Movie-2793,2188,484,458,861
Movie-2794,1862,937,252,1197
Movie-2795,2985,1942,266,1589
Movie-2796,113,1172,2089,1628
Movie-2797,1960,1303,2008,2640
Movie-2798,1035,925,1342,1836
Movie-2799,2215,1886,555,2067
Movie-2800,1429,1145,2686,2619
Movie-2801,2993,1044,2324,114
Movie-2802,1778,372,1534,2552
Movie-2803,1345,2901,186,2140
Movie-2804,1329,911,1738,2330
Movie-2805,1809,1225,823,578
Movie-2806,1529,1577,2048,1062
Movie-2807,546,2147,1150,1044
Movie-2808,1211,2297,338,732
Movie-2809,984,1441,1479,981
Movie-2810,596,2959,54,1883
Movie-2811,2474,2817,2987,2288
Movie-2812,647,887,1477,646
Movie-2813,2697,520,41,2794
Movie-2814,2534,2492,2423,180
Movie-2815,443,2010,2297,1021
Movie-2816,2945,1160,1951,313
Movie-2817,576,484,1016,2137
Movie-2818,1406,1014,1035,1409
Movie-2819,288,2868,2914,758
Movie-2820,704,2343,2357,1754
Movie-2821,1013,82,62,1158
Movie-2822,1365,1016,1447,1169
Movie-2823,640,1843,2449,1575
Movie-2824,313,2200,556,2139
Movie-2825,317,1648,2805,767
Movie-2826,406,1450,894,2563
Movie-2827,205,1626,2205,1864
Movie-2828,2622,2185,2832,568
Movie-2829,2851,1851,2533,704
Movie-2830,1608,2356,347,1014
Movie-2831,1469,602,1947,1862
Movie-2832,2777,2431,1751,2469
Movie-2833,142,1961,2050,2792
Movie-2834,579,2535,1048,751
Movie-2835,255,2712,1081,899
Movie-2836,1593,623,2940,1593
Movie-2837,754,2046,2098,2763
Movie-2838,2653,521,956,1139
Movie-2839,1882,1860,83,688
Movie-2840,2644,514,2870,2273
Movie-2841,1968,170,1072,2183
Movie-2842,1848,1876,2048,1576
Movie-2843,554,1967,2864,1841
Movie-2844,1641,2977,2321,2323
Movie-2845,2355,1756,368,2754
Movie-2846,683,2132,1506,23
Movie-2847,2514,1781,939,2255
Movie-2848,2562,352,2009,764
Movie-2849,106,350,734,1292
Movie-2850,832,1419,1934,175
Movie-2851,1399,1545,1214,2547
Movie-2852,1899,326,1687,877
Movie-2853,51,2896,433,2141
Movie-2854,1092,2653,71,1981
Movie-2855,2709,1961,1165,934
Movie-2856,2539,1483,1431,950
Movie-2857,1202,2976,2857,59
Movie-2858,872,236,690,318
Movie-2859,278,2335,546,1804
Movie-2860,1643,2743,2534,2386
Movie-2861,1975,1940,2913,642
Movie-2862,2934,1060,2817,1898
Movie-2863,278,2584,2042,1397
Movie-2864,2291,2310,1467,1137
Movie-2865,878,1274,1520,434
Movie-2866,804,1475,1615,2858
Movie-2867,1804,2006,1220,1918
Movie-2868,678,716,2673,800
Movie-2869,308,1805,1104,1174
Movie-2870,1879,1746,2869,1633
Movie-2871,1659,25,2490,1028
Movie-2872,145,2683,1874,2965
Movie-2873,747,1502,83,1641
Movie-2874,2183,306,741,1266
Movie-2875,2374,1455,2840,2549
Movie-2876,2937,1917,89,1368
Movie-2877,354,330,2400,1670
Movie-2878,2345,1961,416,2306
Movie-2879,1836,772,2979,743
Movie-2880,666,2640,1668,1012
Movie-2881,1627,457,2091,2310
Movie-2882,2250,2693,2509,450
Movie-2883,2765,519,1046,764
Movie-2884,2983,35,891,2616
Movie-2885,1239,933,2175,2444
Movie-2886,153,1790,2131,517
Movie-2887,1844,2810,2372,2973
Movie-2888,2007,2183,1107,2806
Movie-2889,769,402,1917,2102
Movie-2890,135,1198,660,2541
Movie-2891,2408,1460,2764,1485
Movie-2892,620,2146,2844,1325
Movie-2893,2708,140,929,2615
Movie-2894,660,2027,1354,3
Movie-2895,2513,616,2092,2661
Movie-2896,1453,626,1232,489
Movie-2897,1554,872,2217,1965
Movie-2898,2311,136,371,1056
Movie-2899,1092,2560,578,2125
Movie-2900,1819,1965,694,2636
Movie-2901,724,10,2433,2156
Movie-2902,1548,2264,2509,2036
Movie-2903,1331,1746,2947,2341
Movie-2904,1368,2379,2640,3
Movie-2905,1667,602,568,965
Movie-2906,2008,621,1889,694
Movie-2907,1524,311,2243,2689
Movie-2908,2316,2607,2868,344
Movie-2909,2690,2095,1366,1760
Movie-2910,2989,767,1549,256
Movie-2911,1856,857,1185,2205
Movie-2912,652,1910,262,1580
Movie-2913,1388,936,875,327
Movie-2914,2233,2642,2251,1512
Movie-2915,1431,2294,2731,2416
Movie-2916,2944,2414,2718,502
Movie-2917,645,302,2887,1999
Movie-2918,2796,2256,2576,1958
Movie-2919,2752,855,1359,926
Movie-2920,450,418,487,2635
Movie-2921,1882,2751,891,722
Movie-2922,2157,582,564,1250
Movie-2923,2931,235,2055,1972
Movie-2924,910,875,1991,1140
Movie-2925,2294,2625,866,986
Movie-2926,2903,42,2602,235
Movie-2927,1896,65,2479,649
Movie-2928,2298,1251,2418,2466
Movie-2929,2778,2364,2516,2831
Movie-2930,1423,1959,2383,2939
Movie-2931,1828,1976,2270,115
Movie-2932,2934,1445,301,761
Movie-2933,387,2514,1824,2424
Movie-2934,1619,1346,2021,1318
Movie-2935,559,2963,2227,2955
Movie-2936,260,1757,1802,2264
Movie-2937,139,1393,2406,2289
Movie-2938,2230,1768,2326,342
Movie-2939,2476,1261,314,2595
Movie-2940,1107,1175,271,560
Movie-2941,1220,2349,2975,239
Movie-2942,140,1479,626,2075
Movie-2943,514,1054,431,1387
Movie-2944,1442,2192,1739,1879
Movie-2945,267,1934,903,1162
Movie-2946,2037,2425,1688,353
Movie-2947,335,2956,2663,2826
Movie-2948,406,2471,98,1043
Movie-2949,969,676,676,1856
Movie-2950,2793,1402,942,2708
Movie-2951,1642,1706,2521,2507
Movie-2952,1953,1971,2850,2597
Movie-2953,1622,765,61,2442
Movie-2954,2768,2154,2305,2773
Movie-2955,1283,2827,597,893
Movie-2956,746,2153,1905,1356
Movie-2957,2151,2819,2371,1644
Movie-2958,623,598,350,2825
Movie-2959,2764,103,1599,2849
Movie-2960,515,258,1970,2026
Movie-2961,309,2512,1455,2244
Movie-2962,39,1815,1492,145
Movie-2963,117,1051,2558,2087
Movie-2964,1156,1926,1398,660
Movie-2965,268,152,186,2473
Movie-2966,2057,1770,900,2148
Movie-2967,327,2715,1505,1618
Movie-2968,2496,2856,161,1711
Movie-2969,2194,330,1008,1273
Movie-2970,729,1862,924,1557
Movie-2971,1891,2974,2986,778
Movie-2972,2222,2898,1721,2992
Movie-2973,2698,1701,1840,2590
Movie-2974,1353,1302,428,1834
Movie-2975,1774,2745,2102,1076
Movie-2976,1322,773,1119,2733
Movie-2977,2355,727,2159,1920
Movie-2978,2960,2318,2859,566
Movie-2979,2348,2526,1036,71
Movie-2980,1944,2727,1340,2724
Movie-2981,673,1318,2244,2318
Movie-2982,642,2027,2061,974
Movie-2983,679,976,169,2629
Movie-2984,1529,853,1094,1755
Movie-2985,1785,2071,742,273
Movie-2986,1978,1763,14,205
Movie-2987,435,1525,2870,2621
Movie-2988,2054,217,1450,930
Movie-2989,1616,1416,1597,1751
Movie-2990,2793,698,1023,494
Movie-2991,2114,2903,1849,1282
Movie-2992,1628,932,2816,868
Movie-2993,9,704,1920,1309
Movie-2994,478,1190,1375,1839
Movie-2995,117,927,708,477
Movie-2996,2569,2409,928,531
Movie-2997,1565,1830,1135,1552
Movie-2998,2935,607,1634,1172
Movie-2999,2328,260,2746,2469
Movie-3000,1103,2532,2406,1188
